"type","n","shape","spread","seed","iterations","seconds","converged","total_error","converged_without_newton","total_error_without_newton","median_rel_error","max_rel_error","within_5pct","within_10pct","worst_cell_value_share","floored_cells","tiling_error"
"flat",5,"square","even",1,7,0.0656700134277344,TRUE,0.00723866427888795,TRUE,0.00723866427888795,0.00565145371992711,0.014008934379649,1,1,0.184943729207198,0,0
"flat",10,"square","even",1,13,0.168249845504761,TRUE,0.00595839952762439,TRUE,0.00595839952762439,0.00418551269795483,0.0221966396375018,1,1,0.0735388646995422,0,0
"flat",20,"square","even",1,17,0.599830150604248,TRUE,0.00869789170829718,TRUE,0.00869789170829718,0.00782699051841498,0.0217049847191984,1,1,0.0406077311817916,0,0
"flat",40,"square","even",1,36,4.05017399787903,TRUE,0.00442892384103181,FALSE,0.0639712127782153,0.00272910695067346,0.0194558594892263,1,1,0.0314524061302869,0,2.22044604925031e-16
"flat",5,"circle","even",1,3,0.184335947036743,TRUE,0.00990698213384421,TRUE,0.00990698213384421,0.0117102716861866,0.0256235983139456,1,1,0.186294737554562,0,6.66133814775094e-16
"flat",10,"circle","even",1,13,0.58135199546814,TRUE,0.00475422442312627,TRUE,0.00475422442312627,0.00279747367449387,0.0147274927755523,1,1,0.0735388646995422,0,4.44089209850063e-16
"flat",20,"circle","even",1,12,1.19818305969238,TRUE,0.00986108032742615,TRUE,0.00986108032742615,0.00901939665173161,0.0342048575675238,1,1,0.036259309257537,0,5.55111512312578e-16
"flat",40,"circle","even",1,26,5.28880405426025,TRUE,0.00899066556901126,TRUE,0.00899066556901126,0.00691380909845052,0.0688447887336024,0.975,1,0.0236170569998135,0,9.99200722162641e-16
"flat",5,"hexagon","even",1,8,0.0339510440826416,TRUE,0.00683672085637358,TRUE,0.00683672085637358,0.00866137089607912,0.0115383902107517,1,1,0.185899523684525,0,0
"flat",10,"hexagon","even",1,14,0.110927104949951,TRUE,0.00906300447687817,TRUE,0.00906300447687817,0.00858302759020109,0.0208635567762247,1,1,0.0684295982505043,0,0
"flat",20,"hexagon","even",1,15,0.51357889175415,TRUE,0.00811199024520864,TRUE,0.00811199024520864,0.00704836984148653,0.0282729765518745,1,1,0.0406077311817916,0,2.22044604925031e-16
"flat",40,"hexagon","even",1,12,1.49008297920227,TRUE,0.00871569809126368,TRUE,0.00871569809126368,0.00875445277299424,0.0232113271928062,1,1,0.0236170569998135,0,5.55111512312578e-16
"flat",5,"triangle","even",1,8,0.0210490226745605,TRUE,0.00845367896998303,TRUE,0.00845367896998303,0.00620898579875636,0.0171768973123698,1,1,0.184090960275777,0,2.22044604925031e-16
"flat",10,"triangle","even",1,9,0.112614870071411,TRUE,0.0087135075743782,TRUE,0.0087135075743782,0.00703808933994642,0.0222200983631966,1,1,0.097023810257524,0,0
"flat",20,"triangle","even",1,34,1.04624581336975,TRUE,0.00973069444011622,TRUE,0.00973069444011622,0.00903323623552176,0.0280723004784186,1,1,0.0345621436197013,0,2.22044604925031e-16
"flat",40,"triangle","even",1,28,2.84603691101074,TRUE,0.00887091379060706,TRUE,0.00887091379060706,0.00530671982027344,0.0767585031850899,0.975,1,0.0236170569998135,0,6.66133814775094e-16
"flat",5,"square","typical",1,29,0.0615530014038086,TRUE,0.00965027265015114,TRUE,0.00965027265015114,0.0127827337580112,0.60851648572358,0.8,0.8,0.00725172191736595,1,1.11022302462516e-16
"flat",10,"square","typical",1,69,0.44668698310852,TRUE,0.00864039456405285,TRUE,0.00864039456405285,0.00582299718444819,0.645725438939241,0.8,0.9,0.00502350505230705,1,0
"flat",20,"square","typical",1,35,0.899296998977661,TRUE,0.00965867746541752,TRUE,0.00965867746541752,0.00443091386095365,1.22053815167558,0.85,0.85,0.00209416218239399,1,2.22044604925031e-16
"flat",40,"square","typical",1,54,5.93782496452332,TRUE,0.00888095212554894,TRUE,0.00888095212554894,0.00885977155598358,0.390468591478206,0.875,0.925,0.00484082895008265,1,0
"flat",5,"circle","typical",1,22,0.246707916259766,TRUE,0.00973360309519844,TRUE,0.00973360309519844,0.0139136791886545,0.613771047062101,0.8,0.8,0.00725172191736595,1,6.66133814775094e-16
"flat",10,"circle","typical",1,27,0.845012187957764,TRUE,0.00940062253351425,TRUE,0.00940062253351425,0.0129007932106917,0.774777561813702,0.9,0.9,0.00502350505230705,1,8.88178419700125e-16
"flat",20,"circle","typical",1,32,2.14203906059265,TRUE,0.00890576801185603,TRUE,0.00890576801185603,0.0162821635427876,0.0910470803488998,0.9,1,0.0052172815189739,1,5.55111512312578e-16
"flat",40,"circle","typical",1,39,7.55590200424194,TRUE,0.00980364888687899,TRUE,0.00980364888687899,0.0091754554903297,1.42991396607719,0.9,0.925,0.000978250162773741,1,8.88178419700125e-16
"flat",5,"hexagon","typical",1,22,0.055156946182251,TRUE,0.00944482999807728,TRUE,0.00944482999807728,0.0139593914403283,0.59556190452265,0.8,0.8,0.00725172191736595,1,2.22044604925031e-16
"flat",10,"hexagon","typical",1,20,0.150063991546631,TRUE,0.00920096694066362,TRUE,0.00920096694066362,0.0160351290686112,0.360074238835417,0.9,0.9,0.00502350505230705,1,0
"flat",20,"hexagon","typical",1,25,0.712991952896118,TRUE,0.00787906060555146,TRUE,0.00787906060555146,0.0038889696302071,0.649209135824437,0.85,0.9,0.00209416218239399,1,0
"flat",40,"hexagon","typical",1,61,6.88127088546753,TRUE,0.00975834644728148,TRUE,0.00975834644728148,0.0118045186055241,0.565650904140754,0.825,0.875,0.00313588656948153,1,3.33066907387547e-16
"flat",5,"triangle","typical",1,19,0.0482649803161621,TRUE,0.00801646313258908,TRUE,0.00801646313258908,0.0294227470439834,0.0340052287540517,1,1,0.073884264851684,1,2.22044604925031e-16
"flat",10,"triangle","typical",1,90,0.568551063537598,TRUE,0.00882859064803888,TRUE,0.00882859064803888,0.0159789704838776,0.315746896540258,0.8,0.9,0.0125152866813362,1,4.44089209850063e-16
"flat",20,"triangle","typical",1,40,1.04233407974243,TRUE,0.00299794781916812,FALSE,0.0503555459087819,0.00253342871711933,0.246391501585756,0.95,0.95,0.00209416218239399,1,4.44089209850063e-16
"flat",40,"triangle","typical",1,44,4.96979308128357,TRUE,0.00494864263637009,FALSE,0.155153538973257,0.00430809846967764,0.106692123367896,0.925,0.95,0.00179266878456639,1,2.22044604925031e-16
"flat",5,"square","extreme",1,7,0.0153851509094238,TRUE,0.0061817399779202,TRUE,0.0061817399779202,0.0952704750382225,0.307664436671392,0.4,0.6,0.00848636697843648,4,0
"flat",10,"square","extreme",1,22,0.120902061462402,TRUE,0.00969089862437675,TRUE,0.00969089862437675,0.0830115267617511,0.168010752807029,0.2,0.7,0.00766540827463477,8,0
"flat",20,"square","extreme",1,128,3.12801384925842,TRUE,0.0096242415188944,TRUE,0.0096242415188944,0.021562671166872,0.20305812569269,0.75,0.8,0.000684747857858275,11,2.22044604925031e-16
"flat",40,"square","extreme",1,106,14.8008270263672,TRUE,0.000165021420658597,FALSE,0.0718417218628849,7.21127067237043e-05,0.0158902051214885,1,1,0.000361701972588632,20,1.11022302462516e-16
"flat",5,"circle","extreme",1,5,0.14535117149353,TRUE,0.00515025588740235,TRUE,0.00515025588740235,0.01100998010743,0.161919613728122,0.6,0.8,8.17523374635632e-05,4,4.44089209850063e-16
"flat",10,"circle","extreme",1,55,2.02006578445435,TRUE,0.00909085792657129,TRUE,0.00909085792657129,0.0209109013488983,0.180094809935854,0.6,0.8,0.00766540827463477,8,5.55111512312578e-16
"flat",20,"circle","extreme",1,63,3.59115815162659,TRUE,0.00747412121320867,TRUE,0.00747412121320867,0.0332137122346687,0.213916275586288,0.6,0.85,0.00154636902067168,11,8.88178419700125e-16
"flat",40,"circle","extreme",1,82,19.886864900589,TRUE,0.000458182068850692,FALSE,0.0585598706981209,0.000384381611580012,0.0262710786149786,1,1,0.00269443721257755,20,8.88178419700125e-16
"flat",5,"hexagon","extreme",1,4,0.0129330158233643,TRUE,0.00544078445843406,TRUE,0.00544078445843406,0.0559770305559101,0.130558827539988,0.4,0.6,0.00403250945433666,4,2.22044604925031e-16
"flat",10,"hexagon","extreme",1,51,0.401347160339355,TRUE,0.0045990484382241,FALSE,0.0185956056443376,0.00787182701890002,0.0926914566543874,0.8,1,0.000451303988735395,8,0
"flat",20,"hexagon","extreme",1,56,1.42810201644897,TRUE,0.000605032213322477,FALSE,0.0503562485131151,0.000404168703867069,0.0310208464335393,1,1,0.00154976604279968,11,4.44089209850063e-16
"flat",40,"hexagon","extreme",1,74,10.4527628421783,TRUE,0.00421216905312738,FALSE,0.100407974810587,0.00309781766495929,0.244040009952357,0.875,0.9,0.00327069502425935,20,4.44089209850063e-16
"flat",5,"triangle","extreme",1,15,0.0298140048980713,TRUE,0.00971364126292312,TRUE,0.00971364126292312,0.101019253231933,0.247962574281883,0.2,0.4,0.00861855020406775,4,2.22044604925031e-16
"flat",10,"triangle","extreme",1,65,0.482769966125488,TRUE,0.00163609495761279,FALSE,0.0398820507086525,0.0011233852961004,0.0685902596222978,0.9,1,0.000451303988735395,8,6.66133814775094e-16
"flat",20,"triangle","extreme",1,82,2.28300905227661,TRUE,0.00948002425991896,FALSE,0.0362410104039098,0.00835126708198101,0.637186030838787,0.75,0.85,0.00403367622170328,11,2.22044604925031e-16
"flat",40,"triangle","extreme",1,67,10.8590359687805,TRUE,0.00932937755955465,FALSE,0.102508840380522,0.00574262775459036,0.479393922706255,0.8,0.825,0.0015238269445214,20,4.44089209850063e-16
"flat",5,"square","even",2,14,0.023906946182251,TRUE,0.00916426025433212,TRUE,0.00916426025433212,0.00455655328238701,0.0227142045394101,1,1,0.164734044214747,0,1.11022302462516e-16
"flat",10,"square","even",2,13,0.154037952423096,TRUE,0.00506805605791073,TRUE,0.00506805605791073,0.00472970400128203,0.0082010818169237,1,1,0.102463210376557,0,0
"flat",20,"square","even",2,18,0.474200963973999,TRUE,0.00733079394322793,TRUE,0.00733079394322793,0.00734437831360502,0.0248709445809852,1,1,0.0506191281460602,0,0
"flat",40,"square","even",2,29,3.941241979599,TRUE,0.00703786617803783,TRUE,0.00703786617803783,0.0048532593869878,0.0390232402996837,1,1,0.0266121944190429,0,3.33066907387547e-16
"flat",5,"circle","even",2,3,0.125444889068604,TRUE,0.00721608277072635,TRUE,0.00721608277072635,0.00885287376061033,0.0152947042727103,1,1,0.164734044214747,0,5.55111512312578e-16
"flat",10,"circle","even",2,11,0.64782190322876,TRUE,0.00871959691872124,TRUE,0.00871959691872124,0.0106989324358559,0.0170216051462202,1,1,0.0901882062471906,0,4.44089209850063e-16
"flat",20,"circle","even",2,16,1.53904008865356,TRUE,0.00731085001887766,TRUE,0.00731085001887766,0.00671420038091567,0.0168746141499074,1,1,0.0506191281460602,0,6.66133814775094e-16
"flat",40,"circle","even",2,28,8.11313104629517,TRUE,0.00891083988779737,TRUE,0.00891083988779737,0.00580355641627208,0.107675366057164,0.975,0.975,0.0170645576651175,0,9.99200722162641e-16
"flat",5,"hexagon","even",2,9,0.0368509292602539,TRUE,0.00691937586745667,TRUE,0.00691937586745667,0.00810111070850656,0.0151924106291367,1,1,0.194004423024616,0,3.33066907387547e-16
"flat",10,"hexagon","even",2,13,0.126351118087769,TRUE,0.00885834511405759,TRUE,0.00885834511405759,0.00600211452307016,0.0363326143897621,1,1,0.0901882062471906,0,0
"flat",20,"hexagon","even",2,15,0.519572019577026,TRUE,0.00932531849607221,TRUE,0.00932531849607221,0.00862406507757856,0.0271266292508634,1,1,0.042630288683903,0,4.44089209850063e-16
"flat",40,"hexagon","even",2,14,1.99673414230347,TRUE,0.00952722694704554,TRUE,0.00952722694704554,0.00996097498222827,0.0256239467754527,1,1,0.0200121761376458,0,2.22044604925031e-16
"flat",5,"triangle","even",2,9,0.0193760395050049,TRUE,0.00528757656295842,TRUE,0.00528757656295842,0.00244399277118001,0.0120284442977086,1,1,0.164734044214747,0,2.22044604925031e-16
"flat",10,"triangle","even",2,14,0.131325960159302,TRUE,0.00799672683271159,TRUE,0.00799672683271159,0.00628883123368625,0.0211288192893828,1,1,0.0765810785339068,0,2.22044604925031e-16
"flat",20,"triangle","even",2,14,0.518764972686768,TRUE,0.00698981913334456,TRUE,0.00698981913334456,0.00613969885286007,0.0274108163370577,1,1,0.0331873993015386,0,4.44089209850063e-16
"flat",40,"triangle","even",2,27,3.45473289489746,TRUE,0.0092917561021884,TRUE,0.0092917561021884,0.00809860673337012,0.0394957100092337,1,1,0.0172379665479603,0,6.66133814775094e-16
"flat",5,"square","typical",2,11,0.0228359699249268,TRUE,0.00836477893574011,TRUE,0.00836477893574011,0.0123125337270637,0.0494400834318031,1,1,0.0671458165223352,0,0
"flat",10,"square","typical",2,45,0.379467010498047,TRUE,0.00255256878206638,FALSE,0.0440170141908908,0.0011381351733797,0.0961380630085045,0.9,1,0.0109314523540896,0,0
"flat",20,"square","typical",2,33,0.859784841537476,TRUE,0.00903521127496654,TRUE,0.00903521127496654,0.0102233634653922,0.416483785554535,0.95,0.95,0.00519311288569242,0,2.22044604925031e-16
"flat",40,"square","typical",2,41,5.1582670211792,TRUE,0.00974761852865292,TRUE,0.00974761852865292,0.00292895815411036,0.74891151575419,0.9,0.9,0.0037024723584025,0,2.22044604925031e-16
"flat",5,"circle","typical",2,7,0.166195154190063,TRUE,0.00579133801185228,TRUE,0.00579133801185228,0.00893417736286797,0.0222615650117537,1,1,0.0842177723706083,0,6.66133814775094e-16
"flat",10,"circle","typical",2,12,0.731203079223633,TRUE,0.00688576591355375,TRUE,0.00688576591355375,0.0101841353035295,0.190616525747137,0.9,0.9,0.0109314523540896,0,6.66133814775094e-16
"flat",20,"circle","typical",2,64,4.18717694282532,TRUE,0.00984051738190821,TRUE,0.00984051738190821,0.00797738646261408,0.947458451078446,0.95,0.95,0.00519311288569242,0,1.11022302462516e-15
"flat",40,"circle","typical",2,41,9.75373601913452,TRUE,0.0027945582463379,FALSE,0.090187031348627,0.00162139753637416,0.0569904434696718,0.975,1,0.00377088623750795,0,5.55111512312578e-16
"flat",5,"hexagon","typical",2,14,0.0407397747039795,TRUE,0.0076508179867207,TRUE,0.0076508179867207,0.00677782802915307,0.0569716654214483,0.8,1,0.0671458165223352,0,2.22044604925031e-16
"flat",10,"hexagon","typical",2,9,0.116676807403564,TRUE,0.0092244708074402,TRUE,0.0092244708074402,0.0121681825436687,0.0743072977556144,0.8,1,0.0385035128491928,0,0
"flat",20,"hexagon","typical",2,25,0.834552049636841,TRUE,0.00852907307147111,TRUE,0.00852907307147111,0.00444210104293353,0.112720666243371,0.85,0.95,0.00519311288569242,0,0
"flat",40,"hexagon","typical",2,42,5.83774304389954,TRUE,0.00205553302735435,FALSE,0.0572719332505311,0.001034351849094,0.0593702074818044,0.975,1,0.00377088623750795,0,2.22044604925031e-16
"flat",5,"triangle","typical",2,13,0.0288000106811523,TRUE,0.00718659571222995,TRUE,0.00718659571222995,0.00877373631536801,0.0356258316667556,1,1,0.0700663824386525,0,2.22044604925031e-16
"flat",10,"triangle","typical",2,46,0.393458843231201,TRUE,0.000363285368978633,FALSE,0.10454716437365,0.000335201699647403,0.00929299773331513,1,1,0.0109314523540896,0,4.44089209850063e-16
"flat",20,"triangle","typical",2,56,1.49332308769226,TRUE,0.00961866290579686,TRUE,0.00961866290579686,0.0114182120955773,0.134303857746801,0.9,0.9,0.018291539151864,0,2.22044604925031e-16
"flat",40,"triangle","typical",2,44,6.04872608184814,TRUE,0.00344422901318555,FALSE,0.101627538813457,0.00156094690204086,0.0907347985307993,0.975,1,0.00768712766343644,0,0
"flat",5,"square","extreme",2,10,0.0255019664764404,TRUE,0.00970612243345473,TRUE,0.00970612243345473,0.0857804106058837,0.330519273334293,0.4,0.6,0.0107763790396073,0,2.22044604925031e-16
"flat",10,"square","extreme",2,24,0.317584037780762,TRUE,0.00922703483589937,TRUE,0.00922703483589937,0.0231649767208986,0.539711401998463,0.7,0.8,0.00660991584997829,1,0
"flat",20,"square","extreme",2,61,2.17936086654663,TRUE,0.00786077793714776,TRUE,0.00786077793714776,0.0368396341189936,0.210997391234706,0.65,0.9,0.00432473345478801,5,0
"flat",40,"square","extreme",2,115,16.5305578708649,TRUE,0.000520152563470333,FALSE,0.0395844507968511,8.96846751235869e-05,0.0533186216531853,0.975,1,0.00114555677858239,16,2.22044604925031e-16
"flat",5,"circle","extreme",2,7,0.157443046569824,TRUE,0.0092687596267565,TRUE,0.0092687596267565,0.0718641562397872,0.141220264609443,0.4,0.6,0.00989672235964165,0,5.55111512312578e-16
"flat",10,"circle","extreme",2,19,0.745243072509766,TRUE,0.00721309624871188,TRUE,0.00721309624871188,0.0394324143662018,0.227645789559211,0.7,0.7,0.00660991584997829,1,3.33066907387547e-16
"flat",20,"circle","extreme",2,67,4.38333487510681,TRUE,0.0014962194160449,FALSE,0.0459871255713305,0.000307181631006537,0.14215393781996,0.95,0.95,0.000260364307028068,5,6.66133814775094e-16
"flat",40,"circle","extreme",2,54,14.5214660167694,TRUE,0.00707344608992932,FALSE,0.0585019764124036,0.00750347709087476,0.528710644472795,0.825,0.875,0.000706083116202792,16,8.88178419700125e-16
"flat",5,"hexagon","extreme",2,12,0.035405158996582,TRUE,0.00871517351367858,TRUE,0.00871517351367858,0.0555493744715141,0.130922804692619,0.4,0.8,0.0155690089252285,0,0
"flat",10,"hexagon","extreme",2,12,0.120342969894409,TRUE,0.00917702540458498,TRUE,0.00917702540458498,0.0350276439695039,0.310681326468109,0.7,0.9,0.00660991584997829,1,2.22044604925031e-16
"flat",20,"hexagon","extreme",2,77,2.29585003852844,TRUE,0.00129469990334562,FALSE,0.040676054962255,0.00025963051545082,0.0626812285604392,0.9,1,0.00414074310242768,5,4.44089209850063e-16
"flat",40,"hexagon","extreme",2,95,14.2539582252502,TRUE,0.000440212738087468,FALSE,0.048272261583105,0.000129967469396042,0.0313693242992836,1,1,0.00207224674660936,16,3.33066907387547e-16
"flat",5,"triangle","extreme",2,15,0.0306320190429688,TRUE,0.00866995753472022,TRUE,0.00866995753472022,0.133460921047141,0.27834165572284,0.4,0.4,0.0155690089252285,0,0
"flat",10,"triangle","extreme",2,69,0.726743936538696,TRUE,0.00619757096528652,TRUE,0.00619757096528652,0.00885316277215372,0.113756909492728,0.8,0.9,0.0247774504788446,1,2.22044604925031e-16
"flat",20,"triangle","extreme",2,88,3.32736802101135,TRUE,0.00899374861014294,TRUE,0.00899374861014294,0.0313364028504783,0.275590715066226,0.65,0.75,0.00277240082886097,5,4.44089209850063e-16
"flat",40,"triangle","extreme",2,103,12.9468460083008,TRUE,0.00794828060228455,FALSE,0.055413921336609,0.00782598094235566,0.231480481953999,0.725,0.825,0.0010809840106394,16,3.33066907387547e-16
"flat",5,"square","even",3,8,0.0226259231567383,TRUE,0.00733178594306297,TRUE,0.00733178594306297,0.00426568851475445,0.015290639229708,1,1,0.183418765803945,0,0
"flat",10,"square","even",3,10,0.0944678783416748,TRUE,0.00962208390103184,TRUE,0.00962208390103184,0.00607561647364333,0.0448220568655397,1,1,0.0663382278171871,0,2.22044604925031e-16
"flat",20,"square","even",3,23,0.632928848266602,TRUE,0.00652870623792904,TRUE,0.00652870623792904,0.00353480536423663,0.0606852917717324,0.95,1,0.0350925270486225,0,2.22044604925031e-16
"flat",40,"square","even",3,36,4.29930114746094,TRUE,0.00995070124716767,TRUE,0.00995070124716767,0.00876512956385462,0.0309482798129505,1,1,0.0176685189485677,0,0
"flat",5,"circle","even",3,10,0.222220897674561,TRUE,0.00743360406334881,TRUE,0.00743360406334881,0.0084545965516231,0.0128579891260454,1,1,0.137477391905939,0,6.66133814775094e-16
"flat",10,"circle","even",3,12,0.506308794021606,TRUE,0.00917058603179465,TRUE,0.00917058603179465,0.00866434445746906,0.0282844224245647,1,1,0.0663382278171871,0,8.88178419700125e-16
"flat",20,"circle","even",3,9,0.941694974899292,TRUE,0.00847037096765718,TRUE,0.00847037096765718,0.00558510542838334,0.0218264383077395,1,1,0.0528246214334825,0,8.88178419700125e-16
"flat",40,"circle","even",3,12,3.54686594009399,TRUE,0.00926625220802162,TRUE,0.00926625220802162,0.00743709181976743,0.0351952809405677,1,1,0.0247780467521752,0,9.99200722162641e-16
"flat",5,"hexagon","even",3,11,0.0311279296875,TRUE,0.0078066094439426,TRUE,0.0078066094439426,0.008207371807207,0.0163381071815877,1,1,0.137477391905939,0,2.22044604925031e-16
"flat",10,"hexagon","even",3,11,0.115875959396362,TRUE,0.00710288542782491,TRUE,0.00710288542782491,0.00577485680134282,0.016274092183182,1,1,0.0787095526127173,0,2.22044604925031e-16
"flat",20,"hexagon","even",3,18,0.624853134155273,TRUE,0.00920701061283918,TRUE,0.00920701061283918,0.0083030990561722,0.0747667602117844,0.95,1,0.0333950873134198,0,0
"flat",40,"hexagon","even",3,14,2.02156186103821,TRUE,0.00964126588538495,TRUE,0.00964126588538495,0.00814406548925194,0.0514098328973985,0.975,1,0.0176685189485677,0,2.22044604925031e-16
"flat",5,"triangle","even",3,22,0.0439701080322266,TRUE,0.00786870029141807,TRUE,0.00786870029141807,0.00805154938975241,0.0162405344978739,1,1,0.183418765803945,0,0
"flat",10,"triangle","even",3,15,0.145801067352295,TRUE,0.00850648683940142,TRUE,0.00850648683940142,0.00653011991570337,0.0280825137810904,1,1,0.0885067406586708,0,2.22044604925031e-16
"flat",20,"triangle","even",3,28,0.796660900115967,TRUE,0.00776443739547068,TRUE,0.00776443739547068,0.00508281544409482,0.0633539132067532,0.95,1,0.0333950873134198,0,2.22044604925031e-16
"flat",40,"triangle","even",3,21,2.55238199234009,TRUE,0.00866398545571269,TRUE,0.00866398545571269,0.00596235231608773,0.0273338754967181,1,1,0.0176685189485677,0,4.44089209850063e-16
"flat",5,"square","typical",3,32,0.0685520172119141,TRUE,0.00833163306874699,TRUE,0.00833163306874699,0.0362305693384858,0.155476512788758,0.8,0.8,0.0126414238030951,0,0
"flat",10,"square","typical",3,24,0.206442832946777,TRUE,0.00848871054007972,TRUE,0.00848871054007972,0.0171564942740742,0.154872100135579,0.8,0.9,0.00973212207422407,0,0
"flat",20,"square","typical",3,39,1.02464890480042,TRUE,0.00920823303235536,TRUE,0.00920823303235536,0.0137346980701844,0.218385034925258,0.85,0.95,0.00634630830291115,1,0
"flat",40,"square","typical",3,63,7.71761107444763,TRUE,0.00957256506222054,TRUE,0.00957256506222054,0.0135694431919369,0.139208331804176,0.925,0.95,0.00512173635467284,2,2.22044604925031e-16
"flat",5,"circle","typical",3,14,0.25379490852356,TRUE,0.00899587375349239,TRUE,0.00899587375349239,0.00318740930495345,0.34923692929304,0.6,0.8,0.0126414238030951,0,5.55111512312578e-16
"flat",10,"circle","typical",3,24,0.779024839401245,TRUE,0.0079289833171659,TRUE,0.0079289833171659,0.0142208572990124,0.223684628974949,0.8,0.9,0.0126966912232125,0,8.88178419700125e-16
"flat",20,"circle","typical",3,32,2.88066983222961,TRUE,0.00851091374656585,TRUE,0.00851091374656585,0.00877551120894893,0.155026104287669,0.8,0.9,0.0196871981573815,1,8.88178419700125e-16
"flat",40,"circle","typical",3,90,19.6551790237427,TRUE,0.00335348620439826,FALSE,0.0247075667615387,0.00282027202474113,0.126597050386539,0.975,0.975,0.00201169694667816,2,4.44089209850063e-16
"flat",5,"hexagon","typical",3,12,0.0340220928192139,TRUE,0.00955281885992169,TRUE,0.00955281885992169,0.0130585137788384,0.377837932210718,0.8,0.8,0.0126414238030951,0,0
"flat",10,"hexagon","typical",3,17,0.188098907470703,TRUE,0.00649572475737164,TRUE,0.00649572475737164,0.00735555760929655,0.228727907124911,0.9,0.9,0.0126966912232125,0,4.44089209850063e-16
"flat",20,"hexagon","typical",3,53,2.58611583709717,TRUE,0.00907590967079452,TRUE,0.00907590967079452,0.00886466416888167,0.144992943470702,0.9,0.95,0.00652997470211958,1,0
"flat",40,"hexagon","typical",3,111,14.9958629608154,TRUE,0.00514054940276471,FALSE,0.0254550000236173,0.00294209801319962,0.191513177718919,0.975,0.975,0.00530056088880571,2,0
"flat",5,"triangle","typical",3,108,0.21389889717102,TRUE,0.00982077344621167,TRUE,0.00982077344621167,0.0051823967811725,0.376771534917579,0.8,0.8,0.0126414238030951,0,2.22044604925031e-16
"flat",10,"triangle","typical",3,30,0.231602907180786,TRUE,0.00943093279678114,TRUE,0.00943093279678114,0.00802372972655388,0.484526022426295,0.8,0.9,0.00973212207422407,0,6.66133814775094e-16
"flat",20,"triangle","typical",3,72,2.17305088043213,TRUE,0.00970516952154661,TRUE,0.00970516952154661,0.0210854310477945,0.0593903167313609,0.9,1,0.0032005946626094,1,4.44089209850063e-16
"flat",40,"triangle","typical",3,92,10.8697969913483,TRUE,0.0083508422852054,FALSE,0.0192824546751397,0.0040447417964543,0.116617648471864,0.875,0.95,0.00201169694667816,2,4.44089209850063e-16
"flat",5,"square","extreme",3,12,0.0270569324493408,TRUE,0.00853304299178531,TRUE,0.00853304299178531,0.0218163387732433,0.428232266150972,0.6,0.8,0.0101717862100916,3,2.22044604925031e-16
"flat",10,"square","extreme",3,64,0.513252973556519,TRUE,0.000230716228715035,FALSE,0.0496748579644355,0.000767163169078891,0.00776141145930929,1,1,0.000400768558194907,7,3.33066907387547e-16
"flat",20,"square","extreme",3,49,1.52350997924805,TRUE,0.00613354982487044,FALSE,0.114447393147824,0.00635716886652584,0.149977171235637,0.8,0.95,0.00648087519323215,14,0
"flat",40,"square","extreme",3,48,7.42287111282349,TRUE,0.00416662852949908,FALSE,0.264352569323043,0.00171958423580649,0.206913033155976,0.95,0.975,0.00107355360308235,29,1.11022302462516e-16
"flat",5,"circle","extreme",3,7,0.177947044372559,TRUE,0.00821880425230929,TRUE,0.00821880425230929,0.126259612392638,0.328234438557799,0.2,0.2,0.0101717862100916,3,4.44089209850063e-16
"flat",10,"circle","extreme",3,42,1.20743489265442,TRUE,0.00811158005334933,TRUE,0.00811158005334933,0.0331347910021426,0.144795294732365,0.7,0.9,0.00450067421060584,7,5.55111512312578e-16
"flat",20,"circle","extreme",3,37,3.93250298500061,TRUE,0.00248686608566662,FALSE,0.1055322670622,0.00593161464477706,0.057599354005075,0.95,1,0.00200798269030553,14,5.55111512312578e-16
"flat",40,"circle","extreme",3,45,11.0120549201965,TRUE,0.00293816346282612,FALSE,0.248074672559491,0.00244995520957556,0.0828813087557892,0.95,1,0.00107355360308235,29,8.88178419700125e-16
"flat",5,"hexagon","extreme",3,6,0.0261402130126953,TRUE,0.00937424382420545,TRUE,0.00937424382420545,0.0165911798925341,0.338538524617681,0.6,0.6,0.000243092402908047,3,2.22044604925031e-16
"flat",10,"hexagon","extreme",3,17,0.16084885597229,TRUE,0.00766428630298852,TRUE,0.00766428630298852,0.0494321701557103,0.126323815226685,0.5,0.8,0.000400768558194907,7,0
"flat",20,"hexagon","extreme",3,40,1.28000402450562,TRUE,0.00336370338781681,FALSE,0.0742762894962153,0.0033620850341573,0.0843707560804244,0.9,1,0.000196069524972014,14,2.22044604925031e-16
"flat",40,"hexagon","extreme",3,43,7.02848601341248,TRUE,0.00510161501478235,FALSE,0.261329692908699,0.00312516793969401,0.209259956187349,0.95,0.975,0.000867770360342789,29,0
"flat",5,"triangle","extreme",3,18,0.0386099815368652,TRUE,0.00953516893678088,TRUE,0.00953516893678088,0.0453649104076722,0.496002927714109,0.6,0.6,0.00561075524275972,3,6.66133814775094e-16
"flat",10,"triangle","extreme",3,12,0.0931270122528076,TRUE,0.00888369357863561,TRUE,0.00888369357863561,0.0724708865349987,0.27084868419394,0.1,0.7,0.000235465683240284,7,6.66133814775094e-16
"flat",20,"triangle","extreme",3,45,1.52435898780823,TRUE,0.000520576300250949,FALSE,0.15564401633729,0.00056546308391637,0.0149890091760364,1,1,0.000355140737387831,14,4.44089209850063e-16
"flat",40,"triangle","extreme",3,47,6.93576788902283,TRUE,0.00243483620762705,FALSE,0.214600744042914,0.00120299979888662,0.0687079121809283,0.95,1,0.000867770360342789,29,2.22044604925031e-16
"flat",5,"square","even",4,8,0.0527551174163818,TRUE,0.00847767947987602,TRUE,0.00847767947987602,0.00479981472480727,0.019346170484265,1,1,0.161603256130755,0,0
"flat",10,"square","even",4,12,0.10362696647644,TRUE,0.00844314159217717,TRUE,0.00844314159217717,0.00646109165340022,0.0264288734599645,1,1,0.0824657913339968,0,0
"flat",20,"square","even",4,19,0.696516990661621,TRUE,0.00550935036774568,TRUE,0.00550935036774568,0.00485025511108351,0.0201995245474813,1,1,0.0421517503733447,0,1.11022302462516e-16
"flat",40,"square","even",4,43,5.23994994163513,TRUE,0.00909695066278076,TRUE,0.00909695066278076,0.00831109654980255,0.028487304456729,1,1,0.0210638068544439,0,1.11022302462516e-16
"flat",5,"circle","even",4,6,0.167520999908447,TRUE,0.00920002546241017,TRUE,0.00920002546241017,0.00630841873853492,0.0150820247815631,1,1,0.256680178436374,0,6.66133814775094e-16
"flat",10,"circle","even",4,14,0.551277160644531,TRUE,0.00580104936622493,TRUE,0.00580104936622493,0.00595733955246788,0.0117849353598294,1,1,0.0808004003425903,0,8.88178419700125e-16
"flat",20,"circle","even",4,21,2.07208919525146,TRUE,0.0086296131727423,TRUE,0.0086296131727423,0.0062887143189123,0.0265830201679023,1,1,0.0507191307079951,0,4.44089209850063e-16
"flat",40,"circle","even",4,29,6.56709814071655,TRUE,0.00620782292471389,TRUE,0.00620782292471389,0.00576145105128209,0.0250048048383211,1,1,0.0173963631826416,0,4.44089209850063e-16
"flat",5,"hexagon","even",4,5,0.0324459075927734,TRUE,0.00868411401176757,TRUE,0.00868411401176757,0.0039013492478907,0.0206719719934952,1,1,0.161603256130755,0,0
"flat",10,"hexagon","even",4,13,0.160218000411987,TRUE,0.00346872452282942,TRUE,0.00346872452282942,0.0037327061313178,0.00794765042035801,1,1,0.115344527920783,0,2.22044604925031e-16
"flat",20,"hexagon","even",4,19,0.669986009597778,TRUE,0.00861190254724652,TRUE,0.00861190254724652,0.00676329835082086,0.0421383252990055,1,1,0.0486029469372301,0,0
"flat",40,"hexagon","even",4,30,3.66819095611572,TRUE,0.00653447731136423,TRUE,0.00653447731136423,0.00425818296710764,0.0670773072346488,0.975,1,0.0173963631826416,0,2.22044604925031e-16
"flat",5,"triangle","even",4,8,0.0271799564361572,TRUE,0.00850278348553263,TRUE,0.00850278348553263,0.00985510176169295,0.0148534249099556,1,1,0.230692561049578,0,4.44089209850063e-16
"flat",10,"triangle","even",4,12,0.105581998825073,TRUE,0.00953352293109681,TRUE,0.00953352293109681,0.0097007156080627,0.0310756694352192,1,1,0.0808004003425903,0,2.22044604925031e-16
"flat",20,"triangle","even",4,20,0.686522006988525,TRUE,0.00942085642379081,TRUE,0.00942085642379081,0.00939781200400411,0.0288601615233298,1,1,0.0463217259742577,0,4.44089209850063e-16
"flat",40,"triangle","even",4,27,3.99204111099243,TRUE,0.0095969187658349,TRUE,0.0095969187658349,0.00753456340081247,0.0400812327065077,1,1,0.0200389998102619,0,2.22044604925031e-16
"flat",5,"square","typical",4,10,0.0323798656463623,TRUE,0.00654937247827411,TRUE,0.00654937247827411,0.00936733766868154,0.0209131262844786,1,1,0.153355431207434,0,0
"flat",10,"square","typical",4,38,0.318604946136475,TRUE,0.00516557216930763,FALSE,0.0895563142755621,0.00593091347123668,0.0152805704692933,1,1,0.0314812605123864,0,0
"flat",20,"square","typical",4,25,0.739371061325073,TRUE,0.00916300096109695,TRUE,0.00916300096109695,0.00864812194679632,0.528715214989319,0.95,0.95,0.00353651619512111,0,1.11022302462516e-16
"flat",40,"square","typical",4,34,4.20237398147583,TRUE,0.00819964448161638,TRUE,0.00819964448161638,0.00974708348044146,0.14237076568783,0.85,0.975,0.00316317965062743,0,1.11022302462516e-16
"flat",5,"circle","typical",4,12,0.213212966918945,TRUE,0.00932875510596146,TRUE,0.00932875510596146,0.00869490446289801,0.0312093452026748,1,1,0.0984146200499723,0,5.55111512312578e-16
"flat",10,"circle","typical",4,12,0.542458057403564,TRUE,0.00823565994851198,TRUE,0.00823565994851198,0.00855867809734189,0.275614717241423,0.9,0.9,0.0146894994484769,0,5.55111512312578e-16
"flat",20,"circle","typical",4,27,2.51435780525208,TRUE,0.00943389248774569,TRUE,0.00943389248774569,0.0169407943137282,0.108898030670737,0.75,0.9,0.0115038515965077,0,8.88178419700125e-16
"flat",40,"circle","typical",4,41,10.0307598114014,TRUE,0.00919009908375363,TRUE,0.00919009908375363,0.00829401714005533,0.555793862563245,0.875,0.925,0.00316317965062743,0,5.55111512312578e-16
"flat",5,"hexagon","typical",4,24,0.0700011253356934,TRUE,0.00806698981892203,TRUE,0.00806698981892203,0.00543261588698901,0.0379738883023222,1,1,0.0984146200499723,0,2.22044604925031e-16
"flat",10,"hexagon","typical",4,24,0.229735136032104,TRUE,0.00844364300377061,TRUE,0.00844364300377061,0.0095806055916001,0.111398117227585,0.8,0.9,0.0146894994484769,0,0
"flat",20,"hexagon","typical",4,28,0.91991400718689,TRUE,0.00919719758019903,TRUE,0.00919719758019903,0.00970296868496002,0.287593018672223,0.9,0.9,0.0115038515965077,0,0
"flat",40,"hexagon","typical",4,60,7.42256212234497,TRUE,0.00909875464680061,TRUE,0.00909875464680061,0.0136203842807422,0.0701170880502039,0.925,1,0.00677905213708332,0,3.33066907387547e-16
"flat",5,"triangle","typical",4,16,0.0380589962005615,TRUE,0.00702278619103737,TRUE,0.00702278619103737,0.00901697375457486,0.0133363190529845,1,1,0.0984146200499723,0,4.44089209850063e-16
"flat",10,"triangle","typical",4,41,0.358422040939331,TRUE,0.00966084704734375,TRUE,0.00966084704734375,0.00603092287915893,0.328835134281777,0.9,0.9,0.0146894994484769,0,2.22044604925031e-16
"flat",20,"triangle","typical",4,40,1.31014704704285,TRUE,0.00741749273997516,FALSE,0.117561571023753,0.0144522915288899,0.0653836798030438,0.8,1,0.00536782260086985,0,2.22044604925031e-16
"flat",40,"triangle","typical",4,97,11.8462381362915,TRUE,0.0031646333522942,FALSE,0.0259082817056387,0.00209464062760094,0.0571249175692694,0.975,1,0.00566540105901665,0,2.22044604925031e-16
"flat",5,"square","extreme",4,9,0.0281789302825928,TRUE,0.0080465236471543,TRUE,0.0080465236471543,0.0196865789877118,0.0285256305760617,1,1,0.0388579297784128,0,0
"flat",10,"square","extreme",4,41,0.348858118057251,TRUE,0.00285654514322949,FALSE,0.0238397926485897,0.00162980159162446,0.107262887920626,0.9,0.9,0.000918692096853968,4,1.11022302462516e-16
"flat",20,"square","extreme",4,74,3.50119996070862,TRUE,0.00567689625064511,FALSE,0.125887630888682,0.00820376685444934,0.170789102363634,0.8,0.95,0.000853488850456568,12,2.22044604925031e-16
"flat",40,"square","extreme",4,52,7.79718399047852,TRUE,0.000400714913788087,FALSE,0.141709016842002,0.000127927528020397,0.0105251490403814,1,1,0.00521138090488749,23,2.22044604925031e-16
"flat",5,"circle","extreme",4,9,0.175923109054565,TRUE,0.00759761542597217,TRUE,0.00759761542597217,0.00663452439685021,0.0807876673366905,0.8,1,0.0388579297784128,0,8.88178419700125e-16
"flat",10,"circle","extreme",4,24,0.858240842819214,TRUE,0.00730788942044883,TRUE,0.00730788942044883,0.0214150825610847,0.152176936033523,0.7,0.7,0.00294702339131093,4,8.88178419700125e-16
"flat",20,"circle","extreme",4,70,5.30264616012573,TRUE,0.00041068807617482,FALSE,0.0625611817784216,0.000649726137008134,0.00954128054106939,1,1,0.0126369464667902,12,6.66133814775094e-16
"flat",40,"circle","extreme",4,55,13.8490421772003,TRUE,0.00755097114885792,FALSE,0.155099155222382,0.0144046224089786,0.129781483808812,0.85,0.975,0.0016622478010384,23,5.55111512312578e-16
"flat",5,"hexagon","extreme",4,8,0.0318689346313477,TRUE,0.00574524491382067,TRUE,0.00574524491382067,0.00761616708963557,0.0554329385189422,0.8,1,0.0388579297784128,0,0
"flat",10,"hexagon","extreme",4,42,0.565176010131836,TRUE,0.00991847066609806,TRUE,0.00991847066609806,0.00446722535698966,0.514997413012972,0.8,0.8,0.000918692096853968,4,5.55111512312578e-16
"flat",20,"hexagon","extreme",4,62,2.10277199745178,TRUE,0.00322823333454797,FALSE,0.078316663543634,0.00239196397784708,0.1060666782161,0.9,0.95,0.000695459471883725,12,4.44089209850063e-16
"flat",40,"hexagon","extreme",4,85,12.3828239440918,TRUE,0.00347969901852825,FALSE,0.158342967038296,0.00176271259825313,0.12608542564461,0.95,0.975,8.31942531098593e-05,23,3.33066907387547e-16
"flat",5,"triangle","extreme",4,15,0.0298738479614258,TRUE,0.00942342339953025,TRUE,0.00942342339953025,0.0144438170889215,0.0701185796042747,0.8,1,0.0388579297784128,0,2.22044604925031e-16
"flat",10,"triangle","extreme",4,33,0.263863086700439,TRUE,0.00977344453192552,TRUE,0.00977344453192552,0.036015580391279,0.268130197486638,0.7,0.9,0.000918692096853968,4,0
"flat",20,"triangle","extreme",4,65,2.30076885223389,TRUE,0.000342869705597048,FALSE,0.0467724295295535,0.00055351227993878,0.0100320219799568,1,1,0.000185826488454308,12,0
"flat",40,"triangle","extreme",4,62,10.5818660259247,TRUE,0.00468974460360246,FALSE,0.135020743704676,0.00668013923978459,0.147573958176348,0.9,0.975,0.00521138090488749,23,8.88178419700125e-16
"flat",5,"square","even",5,6,0.0298418998718262,TRUE,0.00781459430852274,TRUE,0.00781459430852274,0.0103826165716663,0.0134729818526861,1,1,0.162615697022717,0,0
"flat",10,"square","even",5,15,0.142094850540161,TRUE,0.00766745600103801,TRUE,0.00766745600103801,0.00626099977647893,0.0214107021949516,1,1,0.0753158372967659,0,0
"flat",20,"square","even",5,11,0.490762948989868,TRUE,0.00929073003538172,TRUE,0.00929073003538172,0.00867064910561398,0.020983827182529,1,1,0.0409960798898254,0,2.22044604925031e-16
"flat",40,"square","even",5,24,3.19434285163879,TRUE,0.00843146384875231,TRUE,0.00843146384875231,0.00707658313094453,0.0320559514358606,1,1,0.0194444803890342,0,0
"flat",5,"circle","even",5,12,0.242345094680786,TRUE,0.00951404278574508,TRUE,0.00951404278574508,0.0116043838879057,0.0124320672965908,1,1,0.165312742454187,0,5.55111512312578e-16
"flat",10,"circle","even",5,11,0.528276920318604,TRUE,0.00861422537126395,TRUE,0.00861422537126395,0.00820885838775629,0.0241975432821747,1,1,0.0856409626486243,0,8.88178419700125e-16
"flat",20,"circle","even",5,14,1.52563786506653,TRUE,0.00859465232941621,TRUE,0.00859465232941621,0.00755100444621532,0.0246945897117521,1,1,0.051277515848017,0,9.99200722162641e-16
"flat",40,"circle","even",5,23,6.18058586120605,TRUE,0.00952800539652679,TRUE,0.00952800539652679,0.00599190455971486,0.128566957005981,0.975,0.975,0.0189715467469817,0,8.88178419700125e-16
"flat",5,"hexagon","even",5,9,0.0793180465698242,TRUE,0.00465985382833816,TRUE,0.00465985382833816,0.00345299909691535,0.0130884656885307,1,1,0.165312742454187,0,0
"flat",10,"hexagon","even",5,15,0.175394058227539,TRUE,0.0098935277258582,TRUE,0.0098935277258582,0.00707079654018533,0.041630755690041,1,1,0.0856409626486243,0,0
"flat",20,"hexagon","even",5,21,0.930340051651001,TRUE,0.00950802459087334,TRUE,0.00950802459087334,0.00669756137215371,0.030870277518413,1,1,0.0405148399749534,0,0
"flat",40,"hexagon","even",5,25,3.51608991622925,TRUE,0.00838288175085954,TRUE,0.00838288175085954,0.00493148440158506,0.159674520127416,0.975,0.975,0.0173838103737666,0,3.33066907387547e-16
"flat",5,"triangle","even",5,11,0.0243549346923828,TRUE,0.00746285819715879,TRUE,0.00746285819715879,0.00816673819830866,0.0177334607128981,1,1,0.165312742454187,0,0
"flat",10,"triangle","even",5,14,0.158743858337402,TRUE,0.0085144958185918,TRUE,0.0085144958185918,0.00692345464541947,0.0290425990503264,1,1,0.08424374690089,0,2.22044604925031e-16
"flat",20,"triangle","even",5,22,0.819019794464111,TRUE,0.00927816750577411,TRUE,0.00927816750577411,0.00634266606174829,0.0532209793458381,0.95,1,0.041524817236274,0,4.44089209850063e-16
"flat",40,"triangle","even",5,25,3.56188488006592,TRUE,0.00940779006583115,TRUE,0.00940779006583115,0.00809049709223133,0.0301307577006806,1,1,0.0189715467469817,0,2.22044604925031e-16
"flat",5,"square","typical",5,11,0.0361819267272949,TRUE,0.00786772766405545,TRUE,0.00786772766405545,0.00519226377961728,0.07966984617372,0.8,1,0.0493770732712328,0,0
"flat",10,"square","typical",5,39,0.317008018493652,TRUE,0.00964023492152825,TRUE,0.00964023492152825,0.0173337596250771,0.24956020781219,0.9,0.9,0.00731734921265515,0,0
"flat",20,"square","typical",5,29,0.972433090209961,TRUE,0.00882282787997243,TRUE,0.00882282787997243,0.00922362960954359,0.284232147125413,0.75,0.95,0.0024829012848528,1,1.11022302462516e-16
"flat",40,"square","typical",5,44,7.39922189712524,TRUE,0.00942969098547401,TRUE,0.00942969098547401,0.00560886172916319,0.84488750808999,0.85,0.85,0.00119620631379675,1,0
"flat",5,"circle","typical",5,11,0.226553916931152,TRUE,0.00700047390972155,TRUE,0.00700047390972155,0.0052180451694397,0.0518478986841612,0.8,1,0.0493770732712328,0,8.88178419700125e-16
"flat",10,"circle","typical",5,21,0.977382183074951,TRUE,0.00622153857003818,TRUE,0.00622153857003818,0.0213041186474224,0.0566124963188178,0.8,1,0.00731734921265515,0,6.66133814775094e-16
"flat",20,"circle","typical",5,29,2.53478789329529,TRUE,0.00933069237213657,TRUE,0.00933069237213657,0.00243759392677429,0.482521612032264,0.85,0.85,0.0024829012848528,1,8.88178419700125e-16
"flat",40,"circle","typical",5,36,8.43920397758484,TRUE,0.00830292185820175,TRUE,0.00830292185820175,0.00869618983599972,0.490259638045303,0.875,0.925,0.00119620631379675,1,6.66133814775094e-16
"flat",5,"hexagon","typical",5,11,0.033595085144043,TRUE,0.0097222051326654,TRUE,0.0097222051326654,0.00561494330632776,0.0853855154585965,0.8,1,0.0493770732712328,0,0
"flat",10,"hexagon","typical",5,18,0.192002058029175,TRUE,0.00881732214617236,TRUE,0.00881732214617236,0.0241974453277794,0.081591341109855,0.8,1,0.0170236764441017,0,0
"flat",20,"hexagon","typical",5,45,2.53838396072388,TRUE,0.00974518444182971,TRUE,0.00974518444182971,0.0054559487013382,1.38683830248572,0.9,0.9,0.00347672866055682,1,2.22044604925031e-16
"flat",40,"hexagon","typical",5,41,7.12866115570068,TRUE,0.00903690456731615,TRUE,0.00903690456731615,0.0052383481576226,0.527344796268658,0.825,0.95,0.0054904730048881,1,4.44089209850063e-16
"flat",5,"triangle","typical",5,12,0.0266499519348145,TRUE,0.0065533626879041,TRUE,0.0065533626879041,0.00547705516281916,0.0484072803487245,1,1,0.0493770732712328,0,3.33066907387547e-16
"flat",10,"triangle","typical",5,16,0.134334087371826,TRUE,0.00881379766138828,TRUE,0.00881379766138828,0.0175063623603794,0.105690782875687,0.6,0.9,0.0170236764441017,0,4.44089209850063e-16
"flat",20,"triangle","typical",5,60,1.93681693077087,TRUE,0.00938312424340683,FALSE,0.0548212526545202,0.00457902386814887,0.484449564001909,0.85,0.85,0.0024829012848528,1,4.44089209850063e-16
"flat",40,"triangle","typical",5,47,6.82254219055176,TRUE,0.0093144126285759,TRUE,0.0093144126285759,0.00312870485303203,0.767437471137346,0.875,0.875,0.00119620631379675,1,1.11022302462516e-15
"flat",5,"square","extreme",5,24,0.0735950469970703,TRUE,0.00892995282239606,TRUE,0.00892995282239606,0.0126317026016981,0.406034106297214,0.8,0.8,0.00717895415479704,1,0
"flat",10,"square","extreme",5,52,0.843058824539185,TRUE,0.00171594619143747,FALSE,0.0704565681534219,0.00790650249698691,0.032369019938325,1,1,0.00122331479132606,6,0
"flat",20,"square","extreme",5,72,2.26689291000366,TRUE,0.000231702243385721,FALSE,0.0812681682299513,0.00047002149088348,0.00727525641659618,1,1,9.17012274286272e-05,9,2.22044604925031e-16
"flat",40,"square","extreme",5,86,11.8867049217224,TRUE,0.00119420967613514,FALSE,0.11401532641323,0.000176047168286103,0.0678840235215325,0.975,1,0.00025469803523649,15,0
"flat",5,"circle","extreme",5,18,0.276473045349121,TRUE,0.00270647736832189,TRUE,0.00270647736832189,0.00460661401442359,0.0997329173929948,0.8,1,0.00717895415479704,1,5.55111512312578e-16
"flat",10,"circle","extreme",5,20,0.749440908432007,TRUE,0.00929493598697446,TRUE,0.00929493598697446,0.0559652925487938,0.330015341814103,0.5,0.9,0.00677494926197401,6,1.11022302462516e-16
"flat",20,"circle","extreme",5,69,5.67836785316467,TRUE,0.00647461805317787,FALSE,0.062838169770049,0.00937451143097514,0.135306881144945,0.9,0.95,0.000985280301701374,9,6.66133814775094e-16
"flat",40,"circle","extreme",5,88,20.9692749977112,TRUE,0.00792297253482206,FALSE,0.0647220598549696,0.00700826768896154,0.332523360495545,0.85,0.9,0.00278512452502308,15,9.99200722162641e-16
"flat",5,"hexagon","extreme",5,19,0.122967958450317,TRUE,0.0049240277225055,TRUE,0.0049240277225055,0.00661253583625604,0.161557773224188,0.8,0.8,0.00717895415479704,1,4.44089209850063e-16
"flat",10,"hexagon","extreme",5,17,0.192983865737915,TRUE,0.0092681179321995,TRUE,0.0092681179321995,0.0592080995857483,0.380646145606328,0.4,0.8,0.000728040842677996,6,0
"flat",20,"hexagon","extreme",5,79,3.93834400177002,TRUE,0.000470180428230137,FALSE,0.0504588476215571,0.000187382573654228,0.0242572657049284,1,1,9.17012274286272e-05,9,0
"flat",40,"hexagon","extreme",5,59,8.05312895774841,TRUE,0.00521930492501475,FALSE,0.0783832193938474,0.00213412567259395,0.173083633686545,0.9,0.9,0.000505604693668506,15,6.66133814775094e-16
"flat",5,"triangle","extreme",5,23,0.050814151763916,TRUE,0.00713681184299442,TRUE,0.00713681184299442,0.0203108072134722,0.270085107947246,0.8,0.8,0.00717895415479704,1,6.66133814775094e-16
"flat",10,"triangle","extreme",5,29,0.235009908676147,TRUE,0.00777839716116846,TRUE,0.00777839716116846,0.0612773932131181,0.187020978572491,0.5,0.7,0.000728040842677996,6,4.44089209850063e-16
"flat",20,"triangle","extreme",5,129,4.33628416061401,TRUE,0.000863269256341105,FALSE,0.0462227067984807,9.60357252442652e-05,0.0380239827224384,1,1,4.6768394327466e-05,9,2.22044604925031e-16
"flat",40,"triangle","extreme",5,88,11.7166390419006,TRUE,0.000331288651578567,FALSE,0.170539524850976,0.000253800187201757,0.0194018359142902,1,1,0.00327045942601557,15,2.22044604925031e-16
"flat",5,"square","even",6,13,0.0458269119262695,TRUE,0.00597856370897012,TRUE,0.00597856370897012,0.00350896149388894,0.00973031792231066,1,1,0.242511575882068,0,0
"flat",10,"square","even",6,11,0.117884874343872,TRUE,0.00786286855964984,TRUE,0.00786286855964984,0.00495376022695524,0.0282997726554614,1,1,0.0876133233695963,0,2.22044604925031e-16
"flat",20,"square","even",6,18,0.631160974502563,TRUE,0.00992872463805108,TRUE,0.00992872463805108,0.00776793997061221,0.0412918130074212,1,1,0.0341960893040958,0,2.22044604925031e-16
"flat",40,"square","even",6,22,2.96289396286011,TRUE,0.00879344648454345,TRUE,0.00879344648454345,0.00708487373469665,0.0287154598596257,1,1,0.0194445675234326,0,1.11022302462516e-16
"flat",5,"circle","even",6,8,0.202198028564453,TRUE,0.00844575114772879,TRUE,0.00844575114772879,0.00333850735532925,0.0227342384189851,1,1,0.165869668972737,0,6.66133814775094e-16
"flat",10,"circle","even",6,11,0.47021484375,TRUE,0.00847636407021845,TRUE,0.00847636407021845,0.00445384848275332,0.0452378845169418,1,1,0.0794699596427796,0,6.66133814775094e-16
"flat",20,"circle","even",6,19,1.97742795944214,TRUE,0.00698301467388214,TRUE,0.00698301467388214,0.00424424446575314,0.0786749622557233,0.95,1,0.0331924439549,0,9.99200722162641e-16
"flat",40,"circle","even",6,30,7.2223048210144,TRUE,0.0079138088168045,TRUE,0.0079138088168045,0.00439870970199783,0.10241970119687,0.975,0.975,0.0168679700789812,0,8.88178419700125e-16
"flat",5,"hexagon","even",6,4,0.0311779975891113,TRUE,0.00916492808790115,TRUE,0.00916492808790115,0.00585126518650873,0.0206216419384089,1,1,0.214399855037404,0,2.22044604925031e-16
"flat",10,"hexagon","even",6,6,0.0831100940704346,TRUE,0.00775362995082937,TRUE,0.00775362995082937,0.00720648565139634,0.0224743906939841,1,1,0.0689394042740636,0,2.22044604925031e-16
"flat",20,"hexagon","even",6,18,0.693090915679932,TRUE,0.0097204339782167,TRUE,0.0097204339782167,0.0078966798026357,0.0547014613433218,0.95,1,0.0331924439549,0,0
"flat",40,"hexagon","even",6,28,3.78836297988892,TRUE,0.00969705086495443,TRUE,0.00969705086495443,0.00577426219286489,0.197008676369406,0.975,0.975,0.0168679700789812,0,4.44089209850063e-16
"flat",5,"triangle","even",6,12,0.0398850440979004,TRUE,0.00707063175869976,TRUE,0.00707063175869976,0.00663313758773319,0.0141389240655764,1,1,0.165869668972737,0,2.22044604925031e-16
"flat",10,"triangle","even",6,14,0.124855041503906,TRUE,0.00459142273096777,TRUE,0.00459142273096777,0.00412240278123395,0.00946462665346943,1,1,0.0876133233695963,0,2.22044604925031e-16
"flat",20,"triangle","even",6,20,0.658271074295044,TRUE,0.00965135116748155,TRUE,0.00965135116748155,0.00639660879442786,0.0969376187509335,0.95,1,0.0382626193149963,0,0
"flat",40,"triangle","even",6,30,3.89740991592407,TRUE,0.00813337391824203,TRUE,0.00813337391824203,0.00750679249497376,0.026830162840052,1,1,0.0232358914440216,0,2.22044604925031e-16
"flat",5,"square","typical",6,33,0.0757849216461182,TRUE,0.00994813350042153,TRUE,0.00994813350042153,0.0106543994273852,0.295870801055515,0.8,0.8,0.0168116175454485,0,0
"flat",10,"square","typical",6,17,0.146849870681763,TRUE,0.00850139074378464,TRUE,0.00850139074378464,0.00314089141631936,0.505627081686481,0.8,0.8,0.00521641608206478,0,0
"flat",20,"square","typical",6,71,2.20286893844604,TRUE,0.0097617493343492,TRUE,0.0097617493343492,0.00503168668900939,0.749068837149678,0.9,0.9,0.00228829910680399,0,0
"flat",40,"square","typical",6,53,6.96335005760193,TRUE,0.00927125555513597,TRUE,0.00927125555513597,0.00776628952448642,0.38820800497632,0.825,0.9,0.00521235104290429,1,4.44089209850063e-16
"flat",5,"circle","typical",6,16,0.271726846694946,TRUE,0.00399082581797304,TRUE,0.00399082581797304,0.0142000253461193,0.0371713183882135,1,1,0.0168116175454485,0,5.55111512312578e-16
"flat",10,"circle","typical",6,23,0.859375953674316,TRUE,0.00950539821398994,TRUE,0.00950539821398994,0.0029953159980198,0.881720355297591,0.8,0.8,0.00521641608206478,0,1.11022302462516e-15
"flat",20,"circle","typical",6,49,4.00459694862366,TRUE,0.00868664595767651,FALSE,0.051501590161429,0.00633979218465294,0.908893772183649,0.85,0.9,0.00228829910680399,0,6.66133814775094e-16
"flat",40,"circle","typical",6,51,10.8587501049042,TRUE,0.00982432512248872,TRUE,0.00982432512248872,0.0109267802227968,0.556781250139214,0.825,0.9,0.00102409254254142,1,5.55111512312578e-16
"flat",5,"hexagon","typical",6,16,0.0497181415557861,TRUE,0.00722589445482171,TRUE,0.00722589445482171,0.00940550652545074,0.159483201225828,0.8,0.8,0.0168116175454485,0,0
"flat",10,"hexagon","typical",6,18,0.189642906188965,TRUE,0.0091474924244862,TRUE,0.0091474924244862,0.00667931034938952,0.375146775707554,0.7,0.9,0.00521641608206478,0,2.22044604925031e-16
"flat",20,"hexagon","typical",6,21,0.803678035736084,TRUE,0.00998761014970764,TRUE,0.00998761014970764,0.00758221416000204,0.385928184677923,0.75,0.8,0.00516706992306113,0,3.33066907387547e-16
"flat",40,"hexagon","typical",6,33,4.50338196754456,TRUE,0.00949793609576475,TRUE,0.00949793609576475,0.00462318615367252,0.902851038387171,0.85,0.875,0.00102409254254142,1,3.33066907387547e-16
"flat",5,"triangle","typical",6,12,0.0247900485992432,TRUE,0.00802908106960445,TRUE,0.00802908106960445,0.019734798573048,0.0319834499954453,1,1,0.085566536817528,0,2.22044604925031e-16
"flat",10,"triangle","typical",6,33,0.278419971466064,TRUE,0.00965841220153306,TRUE,0.00965841220153306,0.00549059540048402,0.48568088821888,0.7,0.8,0.00521641608206478,0,0
"flat",20,"triangle","typical",6,53,1.54594087600708,TRUE,0.00981251843923182,TRUE,0.00981251843923182,0.00573336437643487,2.1435198478728,0.85,0.95,0.00228829910680399,0,4.44089209850063e-16
"flat",40,"triangle","typical",6,46,5.6863751411438,TRUE,0.00978037902503727,TRUE,0.00978037902503727,0.00651628611588409,0.832902056553537,0.875,0.9,0.00327310314089998,1,2.22044604925031e-16
"flat",5,"square","extreme",6,36,0.0838069915771484,TRUE,0.00889442306145623,TRUE,0.00889442306145623,0.0140036213741478,0.567409343511126,0.6,0.8,0.000689260040797616,2,0
"flat",10,"square","extreme",6,28,0.231588125228882,TRUE,0.00851859971390179,TRUE,0.00851859971390179,0.0034301230676791,0.53144582997305,0.7,0.7,0.00158547645730093,4,2.22044604925031e-16
"flat",20,"square","extreme",6,42,1.40442705154419,TRUE,0.00981162311796887,TRUE,0.00981162311796887,0.0118992622274165,0.855966948245764,0.7,0.8,0.000254350435778433,8,0
"flat",40,"square","extreme",6,69,8.89561104774475,TRUE,0.00244556444029848,FALSE,0.155625661534442,0.000883410688519345,0.111039599226187,0.975,0.975,0.00181148313628263,19,1.11022302462516e-16
"flat",5,"circle","extreme",6,18,0.413657903671265,TRUE,0.00987933264620447,TRUE,0.00987933264620447,0.0383650537982752,0.630240501534371,0.6,0.6,0.00697704540577184,2,3.33066907387547e-16
"flat",10,"circle","extreme",6,41,1.21165299415588,TRUE,0.00976171158203068,TRUE,0.00976171158203068,0.00843733799071307,1.03624023468129,0.8,0.8,0.000798609449799608,4,4.44089209850063e-16
"flat",20,"circle","extreme",6,29,2.65542697906494,TRUE,0.00972556538271494,TRUE,0.00972556538271494,0.0147157073225944,0.668811159546482,0.6,0.7,0.000191219141257693,8,8.88178419700125e-16
"flat",40,"circle","extreme",6,98,21.3972060680389,TRUE,0.00246713836017089,FALSE,0.12865197693371,0.00212447202121324,0.0947197526207737,0.95,1,6.0270396776751e-05,19,8.88178419700125e-16
"flat",5,"hexagon","extreme",6,19,0.0805420875549316,TRUE,0.00805033644316547,TRUE,0.00805033644316547,0.0102313710569344,0.419813528892972,0.6,0.8,0.000689260040797616,2,0
"flat",10,"hexagon","extreme",6,19,0.183669090270996,TRUE,0.00882703619732833,TRUE,0.00882703619732833,0.0127577746960372,0.422943711302224,0.6,0.6,0.000156628702278311,4,4.44089209850063e-16
"flat",20,"hexagon","extreme",6,96,3.16592407226562,TRUE,0.00183560853058411,FALSE,0.0241288953282043,0.00107849736078566,0.112907941893776,0.85,0.9,0.00129228498320182,8,2.22044604925031e-16
"flat",40,"hexagon","extreme",6,98,12.5188279151917,TRUE,0.00332945787442239,FALSE,0.102919777325499,0.00284196577227493,0.095353167749322,0.9,1,0.00137231363719862,19,4.44089209850063e-16
"flat",5,"triangle","extreme",6,25,0.0629551410675049,TRUE,0.0097759216904327,TRUE,0.0097759216904327,0.03039010252478,0.441396472154927,0.6,0.6,0.000689260040797616,2,6.66133814775094e-16
"flat",10,"triangle","extreme",6,28,0.210893154144287,TRUE,0.0093050414578843,TRUE,0.0093050414578843,0.0308045640417066,0.246134562488413,0.7,0.7,0.00405751614405768,4,2.22044604925031e-16
"flat",20,"triangle","extreme",6,65,2.11882400512695,TRUE,0.00154430921508132,FALSE,0.0382462504099689,0.00116423943385567,0.151588611444915,0.9,0.95,0.0013327995816281,8,0
"flat",40,"triangle","extreme",6,107,13.3434751033783,TRUE,0.00175124668808553,FALSE,0.122497859822698,0.000458740245449711,0.125012041356622,0.975,0.975,9.46920666615294e-05,19,5.55111512312578e-16
"flat",5,"square","even",7,3,0.0181682109832764,TRUE,0.00830028631072338,TRUE,0.00830028631072338,0.0091833880223855,0.017445274084391,1,1,0.224866473728768,0,0
"flat",10,"square","even",7,19,0.152597188949585,TRUE,0.00898771024203579,TRUE,0.00898771024203579,0.0075308874477851,0.0203067150167019,1,1,0.0866858296545014,0,2.22044604925031e-16
"flat",20,"square","even",7,25,1.04705500602722,TRUE,0.00965678270953853,TRUE,0.00965678270953853,0.00773208437767172,0.0242289287970286,1,1,0.0429015433790621,0,2.22044604925031e-16
"flat",40,"square","even",7,27,3.29443383216858,TRUE,0.00729566917548345,TRUE,0.00729566917548345,0.00562570575379634,0.0301590330336796,1,1,0.0214926941440605,0,1.11022302462516e-16
"flat",5,"circle","even",7,8,0.21090292930603,TRUE,0.00577493244442942,TRUE,0.00577493244442942,0.00658864094043929,0.0100489645201728,1,1,0.175000716863483,0,5.55111512312578e-16
"flat",10,"circle","even",7,17,0.606489181518555,TRUE,0.00706157583477934,TRUE,0.00706157583477934,0.00712599577504115,0.0265586984101652,1,1,0.0666742433621144,0,8.88178419700125e-16
"flat",20,"circle","even",7,20,2.20474910736084,TRUE,0.00617495463630071,TRUE,0.00617495463630071,0.00321647269907325,0.0475697886241912,1,1,0.0436741406257851,0,5.55111512312578e-16
"flat",40,"circle","even",7,27,6.17362594604492,TRUE,0.00649473444527876,TRUE,0.00649473444527876,0.00496489071390686,0.0405251857489437,1,1,0.0170091047016166,0,1.11022302462516e-15
"flat",5,"hexagon","even",7,7,0.0267999172210693,TRUE,0.00604793407880519,TRUE,0.00604793407880519,0.00588259675127138,0.0138201372048023,1,1,0.134601473288137,0,0
"flat",10,"hexagon","even",7,12,0.125054121017456,TRUE,0.00744581804340379,TRUE,0.00744581804340379,0.00512387087498051,0.0207002056207222,1,1,0.0780743421316185,0,0
"flat",20,"hexagon","even",7,15,0.623751878738403,TRUE,0.0093141133697811,TRUE,0.0093141133697811,0.00926354424548134,0.0338395971995986,1,1,0.0376556092902321,0,2.22044604925031e-16
"flat",40,"hexagon","even",7,25,3.24646019935608,TRUE,0.00852183851106173,TRUE,0.00852183851106173,0.00467073413699106,0.083018828306154,0.975,1,0.0169492578751407,0,3.33066907387547e-16
"flat",5,"triangle","even",7,10,0.020219087600708,TRUE,0.00644265356715948,TRUE,0.00644265356715948,0.00390023607508113,0.0132738818564852,1,1,0.213817991959657,0,8.88178419700125e-16
"flat",10,"triangle","even",7,13,0.106622934341431,TRUE,0.00995039141791581,TRUE,0.00995039141791581,0.00967044647805695,0.0238576265365927,1,1,0.0866858296545014,0,4.44089209850063e-16
"flat",20,"triangle","even",7,18,0.783787965774536,TRUE,0.00899250342638612,TRUE,0.00899250342638612,0.00541439779521927,0.0302235987982821,1,1,0.033951855374868,0,2.22044604925031e-16
"flat",40,"triangle","even",7,24,2.81682515144348,TRUE,0.00998178409119616,TRUE,0.00998178409119616,0.00629384759389565,0.0758935122430035,0.975,1,0.0183891114155548,0,1.11022302462516e-15
"flat",5,"square","typical",7,8,0.0329208374023438,TRUE,0.0099743873241361,TRUE,0.0099743873241361,0.0128005297753039,0.0786379520489794,0.8,1,0.0515281028708017,0,0
"flat",10,"square","typical",7,44,0.33537220954895,TRUE,0.00250612210214501,FALSE,0.0599021580956451,0.000556382387170342,0.0263061009669826,1,1,0.0167823774054145,0,0
"flat",20,"square","typical",7,18,0.587743997573853,TRUE,0.00894862620549599,TRUE,0.00894862620549599,0.00457010806600976,0.837050542978265,0.85,0.95,0.0042330067302888,0,2.22044604925031e-16
"flat",40,"square","typical",7,107,12.5477681159973,TRUE,0.00999953584045188,TRUE,0.00999953584045188,0.0023044364071132,1.96828990948356,0.925,0.925,0.0024162198983388,0,0
"flat",5,"circle","typical",7,7,0.17400598526001,TRUE,0.00924625757844747,TRUE,0.00924625757844747,0.0165926672158634,0.0294546383025591,1,1,0.125115670758174,0,8.88178419700125e-16
"flat",10,"circle","typical",7,22,0.816089868545532,TRUE,0.00949111829743483,TRUE,0.00949111829743483,0.00132726114800967,0.243726154041719,0.8,0.8,0.0167823774054145,0,6.66133814775094e-16
"flat",20,"circle","typical",7,36,3.81001496315002,TRUE,0.00941654827676341,TRUE,0.00941654827676341,0.00640621131412354,0.416662152641202,0.85,0.9,0.0042330067302888,0,5.55111512312578e-16
"flat",40,"circle","typical",7,54,12.495481967926,TRUE,0.00961261241308977,TRUE,0.00961261241308977,0.00407183032883657,0.728000166020649,0.875,0.9,0.0024162198983388,0,5.55111512312578e-16
"flat",5,"hexagon","typical",7,9,0.0352749824523926,TRUE,0.00996747806171214,TRUE,0.00996747806171214,0.00806550412527396,0.096718853464329,0.8,1,0.0515281028708017,0,0
"flat",10,"hexagon","typical",7,18,0.184396982192993,TRUE,0.00720122031967049,TRUE,0.00720122031967049,0.00644359671798581,0.214547085484653,0.9,0.9,0.0167823774054145,0,2.22044604925031e-16
"flat",20,"hexagon","typical",7,39,1.30086803436279,TRUE,0.00989142050587438,TRUE,0.00989142050587438,0.00538760681323093,0.436421614012659,0.9,0.9,0.0103494299660956,0,0
"flat",40,"hexagon","typical",7,41,5.2569010257721,TRUE,0.0020626291101755,FALSE,0.0353797363636082,0.00133688080747117,0.120578210478863,0.975,0.975,0.0024162198983388,0,4.44089209850063e-16
"flat",5,"triangle","typical",7,12,0.0346570014953613,TRUE,0.00882950426728941,TRUE,0.00882950426728941,0.00766374317631795,0.0627491343069095,0.8,1,0.0515281028708017,0,2.22044604925031e-16
"flat",10,"triangle","typical",7,29,0.222172975540161,TRUE,0.00947118734120768,TRUE,0.00947118734120768,0.00434166298583018,0.153363207013284,0.8,0.9,0.0167823774054145,0,4.44089209850063e-16
"flat",20,"triangle","typical",7,41,1.42954182624817,TRUE,0.0095909734891212,TRUE,0.0095909734891212,0.00339680015078566,0.351521402572068,0.85,0.85,0.0103494299660956,0,0
"flat",40,"triangle","typical",7,40,4.70623588562012,TRUE,0.00907137027405948,TRUE,0.00907137027405948,0.00510467987497046,0.945893235150664,0.9,0.925,0.0024162198983388,0,6.66133814775094e-16
"flat",5,"square","extreme",7,28,0.0629761219024658,TRUE,0.00992403429803667,TRUE,0.00992403429803667,0.00641547732721292,0.544046670207337,0.8,0.8,0.00912057259191972,0,1.11022302462516e-16
"flat",10,"square","extreme",7,65,0.507289886474609,TRUE,0.00970222013103741,TRUE,0.00970222013103741,0.0154381304544128,0.759783889022887,0.7,0.7,0.00164028109125871,2,0
"flat",20,"square","extreme",7,42,1.36468386650085,TRUE,0.00901479780485743,TRUE,0.00901479780485743,0.0241320735369777,0.188058798217939,0.75,0.95,0.00379421340294791,5,0
"flat",40,"square","extreme",7,90,10.932501077652,TRUE,0.00729759421767026,FALSE,0.0166806859112068,0.0070016026827157,0.483327280711734,0.85,0.9,0.00146442144063566,13,4.44089209850063e-16
"flat",5,"circle","extreme",7,15,0.242804050445557,TRUE,0.00837685594375422,TRUE,0.00837685594375422,0.00430459860285519,0.389139311267187,0.6,0.8,0.00912057259191972,0,6.66133814775094e-16
"flat",10,"circle","extreme",7,64,1.74400591850281,TRUE,0.00980800780941222,TRUE,0.00980800780941222,0.0137413771042023,0.861912901104033,0.7,0.8,0.0024748828018495,2,6.66133814775094e-16
"flat",20,"circle","extreme",7,37,3.32985806465149,TRUE,0.00983408470197296,TRUE,0.00983408470197296,0.0342106160117707,0.194531875656915,0.65,0.85,0.0118123830687376,5,8.88178419700125e-16
"flat",40,"circle","extreme",7,79,16.3764691352844,TRUE,0.00944241017746384,TRUE,0.00944241017746384,0.0202147214869436,0.26074488268556,0.775,0.85,0.00166397783421148,13,1.11022302462516e-15
"flat",5,"hexagon","extreme",7,35,0.0865278244018555,TRUE,0.00939018786289507,TRUE,0.00939018786289507,0.00868066647810059,0.514780610990042,0.8,0.8,0.00912057259191972,0,0
"flat",10,"hexagon","extreme",7,27,0.23835015296936,TRUE,0.00951763063214176,TRUE,0.00951763063214176,0.01325966838452,0.913674565058697,0.9,0.9,0.00164028109125871,2,0
"flat",20,"hexagon","extreme",7,43,1.4965660572052,TRUE,0.00986395442021559,TRUE,0.00986395442021559,0.017365969012378,0.674276107525738,0.7,0.9,0.0012113618852865,5,0
"flat",40,"hexagon","extreme",7,60,7.17042899131775,TRUE,0.00986267955668095,TRUE,0.00986267955668095,0.0286641892142048,0.208534145653522,0.75,0.9,0.000603693382038636,13,0
"flat",5,"triangle","extreme",7,17,0.0326130390167236,TRUE,0.00825288601605617,TRUE,0.00825288601605617,0.00737515877521361,0.44567079234879,0.8,0.8,0.00912057259191972,0,2.22044604925031e-16
"flat",10,"triangle","extreme",7,26,0.207065105438232,TRUE,0.0088736248496771,TRUE,0.0088736248496771,0.00765187943635268,0.733491120276324,0.7,0.7,0.0024748828018495,2,2.22044604925031e-16
"flat",20,"triangle","extreme",7,43,1.27328491210938,TRUE,0.000318609888652924,FALSE,0.287743552386413,0.000327138158169322,0.0234153188275656,1,1,0.00020264643251949,5,3.33066907387547e-16
"flat",40,"triangle","extreme",7,76,7.70398592948914,TRUE,0.00997008941697563,TRUE,0.00997008941697563,0.0343003457257314,0.181642559939859,0.775,0.85,0.000550102458856477,13,5.55111512312578e-16
"flat",5,"square","even",8,7,0.0334248542785645,TRUE,0.00706945361260441,TRUE,0.00706945361260441,0.00557957637114763,0.0114389079397095,1,1,0.207180560789353,0,0
"flat",10,"square","even",8,9,0.0867481231689453,TRUE,0.00867442749502668,TRUE,0.00867442749502668,0.00793283124159503,0.0198714355879363,1,1,0.110655644615585,0,2.22044604925031e-16
"flat",20,"square","even",8,32,1.1133348941803,TRUE,0.00899818445116907,TRUE,0.00899818445116907,0.0082462471137081,0.0268026964040754,1,1,0.0321500996442953,0,0
"flat",40,"square","even",8,28,3.4399528503418,TRUE,0.00944139419407424,TRUE,0.00944139419407424,0.00587758133705836,0.0365310260219653,1,1,0.0231596922747694,0,1.11022302462516e-16
"flat",5,"circle","even",8,3,0.16120982170105,TRUE,0.00971128581678513,TRUE,0.00971128581678513,0.00533792301455618,0.0204572516909465,1,1,0.207180560789353,0,6.66133814775094e-16
"flat",10,"circle","even",8,11,0.390521049499512,TRUE,0.00985243442497112,TRUE,0.00985243442497112,0.00762266917651112,0.0193053646440535,1,1,0.0754062994764666,0,5.55111512312578e-16
"flat",20,"circle","even",8,15,1.43413400650024,TRUE,0.00754361876323039,TRUE,0.00754361876323039,0.00683451582038903,0.0240763624968214,1,1,0.0321500996442953,0,8.88178419700125e-16
"flat",40,"circle","even",8,28,6.25290298461914,TRUE,0.00814959373451134,TRUE,0.00814959373451134,0.00690649968848495,0.0431792578394303,1,1,0.0231596922747694,0,9.99200722162641e-16
"flat",5,"hexagon","even",8,8,0.0283710956573486,TRUE,0.00780111620250407,TRUE,0.00780111620250407,0.00731856324614216,0.0178889121198216,1,1,0.126887872881177,0,0
"flat",10,"hexagon","even",8,14,0.154468059539795,TRUE,0.00391773519655238,TRUE,0.00391773519655238,0.0027098240184953,0.0149696296560778,1,1,0.0754062994764666,0,0
"flat",20,"hexagon","even",8,16,0.708272933959961,TRUE,0.00950315059940738,TRUE,0.00950315059940738,0.00723414502180876,0.0431354909983908,1,1,0.0321500996442953,0,2.22044604925031e-16
"flat",40,"hexagon","even",8,23,2.82269310951233,TRUE,0.00853420227034756,TRUE,0.00853420227034756,0.0069504632394784,0.0266636119071403,1,1,0.0211048206301954,0,2.22044604925031e-16
"flat",5,"triangle","even",8,5,0.0166699886322021,TRUE,0.00840279043926251,TRUE,0.00840279043926251,0.00784108235774532,0.0143786573737777,1,1,0.222813145062196,0,2.22044604925031e-16
"flat",10,"triangle","even",8,14,0.207002878189087,TRUE,0.0098908421519067,TRUE,0.0098908421519067,0.0102930125778569,0.0314563060159652,1,1,0.0630162971921952,0,4.44089209850063e-16
"flat",20,"triangle","even",8,20,0.620193958282471,TRUE,0.00853302392922989,TRUE,0.00853302392922989,0.00849224256294763,0.0282044562411328,1,1,0.0321500996442953,0,4.44089209850063e-16
"flat",40,"triangle","even",8,18,2.23727798461914,TRUE,0.00669580514521747,TRUE,0.00669580514521747,0.00495362763630287,0.0683321587043592,0.975,1,0.016158903754275,0,2.22044604925031e-16
"flat",5,"square","typical",8,8,0.0264959335327148,TRUE,0.0097562993550735,TRUE,0.0097562993550735,0.00539213753258142,0.153297264317484,0.8,0.8,0.0198193863082107,0,0
"flat",10,"square","typical",8,23,0.16175103187561,TRUE,0.00939309196526315,TRUE,0.00939309196526315,0.00498902606437734,0.725143962866145,0.8,0.9,0.00538546758723614,0,2.22044604925031e-16
"flat",20,"square","typical",8,53,1.68764114379883,TRUE,0.00942294955643911,TRUE,0.00942294955643911,0.00546868052735726,1.30489605974783,0.95,0.95,0.00293149267739455,0,2.22044604925031e-16
"flat",40,"square","typical",8,54,6.53557300567627,TRUE,0.00969388068006393,TRUE,0.00969388068006393,0.00436081645538364,0.931190790420677,0.875,0.9,0.00187644966019996,0,1.11022302462516e-16
"flat",5,"circle","typical",8,9,0.200271844863892,TRUE,0.00646103161631016,TRUE,0.00646103161631016,0.00366018768726569,0.103664380943271,0.8,0.8,0.0198193863082107,0,5.55111512312578e-16
"flat",10,"circle","typical",8,18,0.705146074295044,TRUE,0.00918247059885204,TRUE,0.00918247059885204,0.00825511415284244,0.24071328274795,0.8,0.8,0.00538546758723614,0,5.55111512312578e-16
"flat",20,"circle","typical",8,21,2.04210495948792,TRUE,0.00983942181737955,TRUE,0.00983942181737955,0.0160200345818083,0.308864345416267,0.9,0.95,0.00293149267739455,0,6.66133814775094e-16
"flat",40,"circle","typical",8,44,8.19279193878174,TRUE,0.00896953212476002,TRUE,0.00896953212476002,0.00911948226457624,0.624635158072853,0.925,0.95,0.00229328426700917,0,6.66133814775094e-16
"flat",5,"hexagon","typical",8,10,0.0336778163909912,TRUE,0.00467018031208078,TRUE,0.00467018031208078,0.00349419028757761,0.0373078482398298,1,1,0.0198193863082107,0,0
"flat",10,"hexagon","typical",8,17,0.175230026245117,TRUE,0.00787882115361068,TRUE,0.00787882115361068,0.0155161933501584,0.415174243348024,0.9,0.9,0.00538546758723614,0,2.22044604925031e-16
"flat",20,"hexagon","typical",8,17,0.756866931915283,TRUE,0.00824041092477409,TRUE,0.00824041092477409,0.00501447055226558,0.167948688725574,0.9,0.9,0.0135635104501346,0,0
"flat",40,"hexagon","typical",8,25,3.12483596801758,TRUE,0.00870108522691274,TRUE,0.00870108522691274,0.0037888746717933,0.76197809935401,0.85,0.85,0.00229328426700917,0,6.66133814775094e-16
"flat",5,"triangle","typical",8,20,0.0400850772857666,TRUE,0.00973819016606826,TRUE,0.00973819016606826,0.00542106933211892,0.245673352712084,0.8,0.8,0.0198193863082107,0,0
"flat",10,"triangle","typical",8,20,0.138354063034058,TRUE,0.0092302145171386,TRUE,0.0092302145171386,0.00596319042807346,0.856955720893612,0.9,0.9,0.00538546758723614,0,3.33066907387547e-16
"flat",20,"triangle","typical",8,52,1.58673810958862,TRUE,0.00983160586801634,TRUE,0.00983160586801634,0.0125201693766782,0.240897981646685,0.85,0.95,0.00293149267739455,0,4.44089209850063e-16
"flat",40,"triangle","typical",8,101,11.7282400131226,TRUE,0.00305715885250321,FALSE,0.013881614352005,0.000906936687412042,0.401737800516233,0.95,0.95,0.00184309557488812,0,1.11022302462516e-15
"flat",5,"square","extreme",8,27,0.0628888607025146,TRUE,0.00921974512274533,TRUE,0.00921974512274533,0.0058674655475659,1.08107769555483,0.8,0.8,0.00144270830097095,1,0
"flat",10,"square","extreme",8,22,0.183732032775879,TRUE,0.00457714628124172,TRUE,0.00457714628124172,0.0237988330236893,0.0931709712257573,0.7,1,0.00276129421506968,3,1.11022302462516e-16
"flat",20,"square","extreme",8,93,2.63984489440918,TRUE,0.00805601533101205,FALSE,0.0896865446147732,0.0127854431038492,0.170256673970019,0.8,0.9,0.00401913616975297,5,0
"flat",40,"square","extreme",8,63,7.28306913375854,TRUE,0.00897549218818603,FALSE,0.110324973658895,0.0144398296169233,0.1401321941086,0.75,0.925,0.00343958968359436,16,0
"flat",5,"circle","extreme",8,16,0.264286041259766,TRUE,0.00926575169141874,TRUE,0.00926575169141874,0.00539935696380198,1.08647227800575,0.8,0.8,0.00144270830097095,1,5.55111512312578e-16
"flat",10,"circle","extreme",8,16,0.507593870162964,TRUE,0.00883261212907546,TRUE,0.00883261212907546,0.0244925320249186,0.26192831966724,0.6,0.7,0.00276129421506968,3,6.66133814775094e-16
"flat",20,"circle","extreme",8,72,5.67871785163879,TRUE,0.000437981120602223,FALSE,0.0614911974843712,0.000437253276726879,0.019405400447446,1,1,0.00526262852144661,5,6.66133814775094e-16
"flat",40,"circle","extreme",8,97,20.2777540683746,TRUE,0.00980254320313951,FALSE,0.114064105592472,0.00826931133327305,0.198871192190226,0.85,0.9,9.9181827850352e-05,16,8.88178419700125e-16
"flat",5,"hexagon","extreme",8,14,0.0512330532073975,TRUE,0.00984550264746743,TRUE,0.00984550264746743,0.00552902705424512,1.15445201271829,0.8,0.8,0.00144270830097095,1,0
"flat",10,"hexagon","extreme",8,26,0.199296951293945,TRUE,0.00983065555609932,TRUE,0.00983065555609932,0.0516399136499462,0.158735244451897,0.5,0.7,0.00371933155539019,3,0
"flat",20,"hexagon","extreme",8,82,3.12387681007385,TRUE,0.000424013409894744,FALSE,0.0385605254399395,0.00112976532112366,0.0129414836441283,1,1,0.00526262852144661,5,2.22044604925031e-16
"flat",40,"hexagon","extreme",8,113,11.4917011260986,TRUE,0.000200318388251073,FALSE,0.0735255542718897,5.51983715626874e-05,0.0022473361335365,1,1,0.00567606413083899,16,4.44089209850063e-16
"flat",5,"triangle","extreme",8,41,0.0716087818145752,TRUE,0.009734975557013,TRUE,0.009734975557013,0.00782194811858111,1.1414919611492,0.8,0.8,0.00144270830097095,1,2.22044604925031e-16
"flat",10,"triangle","extreme",8,110,0.718844890594482,TRUE,0.00960261127513632,TRUE,0.00960261127513632,0.0382904105883604,0.361523010772385,0.7,0.8,0.00276129421506968,3,2.22044604925031e-16
"flat",20,"triangle","extreme",8,72,2.1127188205719,TRUE,0.000337804767311747,FALSE,0.0550822893363217,8.82301283391023e-05,0.0239720678369422,1,1,0.00526262852144661,5,0
"flat",40,"triangle","extreme",8,68,7.05943393707275,TRUE,0.00945593195458971,FALSE,0.111895007296529,0.0115250950471248,0.261270301892825,0.85,0.95,0.00211125121565686,16,1.11022302462516e-15
"flat",5,"square","even",9,7,0.0404648780822754,TRUE,0.0081435773418844,TRUE,0.0081435773418844,0.0051305407975646,0.0212810272813855,1,1,0.140377643096623,0,0
"flat",10,"square","even",9,10,0.0904090404510498,TRUE,0.00960606210018468,TRUE,0.00960606210018468,0.00928332735814929,0.0255900365605288,1,1,0.0700583885038986,0,0
"flat",20,"square","even",9,16,0.517343044281006,TRUE,0.00908197437953126,TRUE,0.00908197437953126,0.00593409269573688,0.0606504227800851,0.95,1,0.0379332562703498,0,0
"flat",40,"square","even",9,28,3.07828807830811,TRUE,0.00754146597710142,TRUE,0.00754146597710142,0.00495438062202146,0.0841123664866211,0.975,1,0.0188937247849505,0,2.22044604925031e-16
"flat",5,"circle","even",9,18,0.263718128204346,TRUE,0.00365312833447122,TRUE,0.00365312833447122,0.00301527805224497,0.00963379264239477,1,1,0.140377643096623,0,5.55111512312578e-16
"flat",10,"circle","even",9,5,0.299588918685913,TRUE,0.00893022039171703,TRUE,0.00893022039171703,0.0106815307552703,0.0176599580556598,1,1,0.113993002847348,0,5.55111512312578e-16
"flat",20,"circle","even",9,26,2.28949999809265,TRUE,0.00746581094875428,TRUE,0.00746581094875428,0.00762006078771465,0.0206762270667752,1,1,0.0319478557186771,0,8.88178419700125e-16
"flat",40,"circle","even",9,27,5.34923100471497,TRUE,0.00967413014283869,TRUE,0.00967413014283869,0.00535293595676109,0.13067423735459,0.975,0.975,0.0189916972060419,0,5.55111512312578e-16
"flat",5,"hexagon","even",9,8,0.0361669063568115,TRUE,0.00913013971868528,TRUE,0.00913013971868528,0.0086578871861887,0.0243014996339107,1,1,0.140377643096623,0,0
"flat",10,"hexagon","even",9,6,0.0642330646514893,TRUE,0.00541188253711067,TRUE,0.00541188253711067,0.00431553213139509,0.0124866440727769,1,1,0.122088534400846,0,2.22044604925031e-16
"flat",20,"hexagon","even",9,15,0.498703956604004,TRUE,0.00823872700761068,TRUE,0.00823872700761068,0.00621212106293978,0.0354099885546081,1,1,0.0344800761720277,0,2.22044604925031e-16
"flat",40,"hexagon","even",9,24,2.63189506530762,TRUE,0.00839418547123946,TRUE,0.00839418547123946,0.00535952540084114,0.0519906413483089,0.975,1,0.0191525205119944,0,0
"flat",5,"triangle","even",9,7,0.0195648670196533,TRUE,0.00606977468186211,TRUE,0.00606977468186211,0.00386239837518749,0.0127717827211674,1,1,0.237624410561042,0,2.22044604925031e-16
"flat",10,"triangle","even",9,7,0.0655050277709961,TRUE,0.00977070341293805,TRUE,0.00977070341293805,0.0040146474991887,0.054645208146223,0.9,1,0.0700583885038986,0,4.44089209850063e-16
"flat",20,"triangle","even",9,17,0.612196922302246,TRUE,0.00900040676919653,TRUE,0.00900040676919653,0.00717695792881137,0.0236774054089111,1,1,0.0379332562703498,0,2.22044604925031e-16
"flat",40,"triangle","even",9,39,4.0059609413147,TRUE,0.0034745008257788,FALSE,0.10354293890863,0.00280526829563921,0.0112109619240752,1,1,0.0182736916053289,0,6.66133814775094e-16
"flat",5,"square","typical",9,21,0.0939948558807373,TRUE,0.00996118752275942,TRUE,0.00996118752275942,0.0127495406600495,0.376682988433085,0.8,0.8,0.0132222423478636,0,2.22044604925031e-16
"flat",10,"square","typical",9,43,0.281101942062378,TRUE,0.0083954440751552,TRUE,0.0083954440751552,0.00417397095227066,0.561542842285644,0.7,0.8,0.00747533709180892,0,2.22044604925031e-16
"flat",20,"square","typical",9,46,1.44093298912048,TRUE,0.00928430264955956,TRUE,0.00928430264955956,0.0128512093217477,0.424947533028144,0.9,0.9,0.00723405819054343,0,0
"flat",40,"square","typical",9,44,4.75716781616211,TRUE,0.00808525499122345,TRUE,0.00808525499122345,0.00582509451862139,0.39928256944467,0.9,0.9,0.00629523769816782,0,0
"flat",5,"circle","typical",9,36,0.425074100494385,TRUE,0.00897483820478568,TRUE,0.00897483820478568,0.00841088613655741,0.339384121417013,0.8,0.8,0.0132222423478636,0,5.55111512312578e-16
"flat",10,"circle","typical",9,23,0.69101095199585,TRUE,0.00899463040673606,TRUE,0.00899463040673606,0.00422842907614551,0.221304497441389,0.7,0.8,0.0194550927783198,0,8.88178419700125e-16
"flat",20,"circle","typical",9,28,2.28497695922852,TRUE,0.00962462602517189,TRUE,0.00962462602517189,0.00503156930431627,0.374068044522523,0.85,0.9,0.00723405819054343,0,8.88178419700125e-16
"flat",40,"circle","typical",9,41,7.97121787071228,TRUE,0.00974643342365894,TRUE,0.00974643342365894,0.00472672115650978,0.6087893930723,0.925,0.925,0.00326174138254666,0,5.55111512312578e-16
"flat",5,"hexagon","typical",9,14,0.0540351867675781,TRUE,0.00921212740613026,TRUE,0.00921212740613026,0.0105635439037508,0.142837415841959,0.6,0.8,0.0255192391794082,0,2.22044604925031e-16
"flat",10,"hexagon","typical",9,27,0.1979660987854,TRUE,0.00803535373708585,TRUE,0.00803535373708585,0.00567008660828398,0.216773490088988,0.8,0.8,0.0144275766676896,0,0
"flat",20,"hexagon","typical",9,34,1.13950800895691,TRUE,0.00763311397883818,TRUE,0.00763311397883818,0.00987344069135525,0.10401169839726,0.85,0.95,0.0151733342183015,0,0
"flat",40,"hexagon","typical",9,48,5.32949185371399,TRUE,0.00944367196991437,TRUE,0.00944367196991437,0.00405570984781944,0.457399269739366,0.85,0.925,0.00623230082122097,0,2.22044604925031e-16
"flat",5,"triangle","typical",9,32,0.0954179763793945,TRUE,0.00833768006976001,TRUE,0.00833768006976001,0.0378661488790228,0.186823053468417,0.8,0.8,0.0132222423478636,0,2.22044604925031e-16
"flat",10,"triangle","typical",9,30,0.303069114685059,TRUE,0.00952761745536273,TRUE,0.00952761745536273,0.0098148589687275,0.513594111312725,0.8,0.9,0.0092754348672444,0,4.44089209850063e-16
"flat",20,"triangle","typical",9,38,1.18653106689453,TRUE,0.00839741034620927,TRUE,0.00839741034620927,0.0126596220251892,0.371371742518002,0.9,0.9,0.00583013349671,0,8.88178419700125e-16
"flat",40,"triangle","typical",9,42,4.28375387191772,TRUE,0.00877235390875732,TRUE,0.00877235390875732,0.00478317354765873,0.389442860851493,0.875,0.925,0.00578094493174184,0,1.11022302462516e-15
"flat",5,"square","extreme",9,12,0.0310060977935791,TRUE,0.00549311139992445,TRUE,0.00549311139992445,0.0484509551690711,0.131062250293152,0.6,0.8,0.00124884621056567,2,0
"flat",10,"square","extreme",9,43,0.291849851608276,TRUE,0.0091248370047806,TRUE,0.0091248370047806,0.0250346476771383,0.42286622439537,0.7,0.9,0.0016781404946686,4,0
"flat",20,"square","extreme",9,73,2.79238080978394,TRUE,0.00150875364037528,FALSE,0.0986824932913871,0.000373082624012351,0.0535722789041226,0.95,1,0.00338017250929151,11,2.22044604925031e-16
"flat",40,"square","extreme",9,80,8.94379091262817,TRUE,0.000407010904504573,FALSE,0.164721463217322,0.000219330172836731,0.0129448373863633,1,1,0.00590502853856795,21,2.22044604925031e-16
"flat",5,"circle","extreme",9,9,0.206441164016724,TRUE,0.00617288365621461,TRUE,0.00617288365621461,0.0315325515950959,0.269147124807989,0.6,0.6,0.00124884621056567,2,6.66133814775094e-16
"flat",10,"circle","extreme",9,21,0.622879028320312,TRUE,0.00690349236236979,TRUE,0.00690349236236979,0.0204038555624313,0.159466224075273,0.6,0.7,0.000381443540792548,4,4.44089209850063e-16
"flat",20,"circle","extreme",9,63,4.84733104705811,TRUE,0.000346852874514864,FALSE,0.0860332805602247,0.000404580260491043,0.022262839548152,1,1,0.00338017250929151,11,1.11022302462516e-15
"flat",40,"circle","extreme",9,54,10.3130860328674,TRUE,0.00997144534393209,FALSE,0.179709476601411,0.00673972897362947,0.171962804097777,0.775,0.95,0.000393205427991475,21,4.44089209850063e-16
"flat",5,"hexagon","extreme",9,7,0.0227658748626709,TRUE,0.00992618425448613,TRUE,0.00992618425448613,0.0365945090872794,0.399894993161874,0.6,0.6,0.000335261544689413,2,0
"flat",10,"hexagon","extreme",9,23,0.17137885093689,TRUE,0.00995582077827025,TRUE,0.00995582077827025,0.0319728667593243,0.250190630987511,0.6,0.9,0.000247755479173057,4,2.22044604925031e-16
"flat",20,"hexagon","extreme",9,57,2.02172994613647,TRUE,0.000219869415748005,FALSE,0.0853725882374224,0.000369461608495377,0.00677045131725998,1,1,0.000237307073613943,11,0
"flat",40,"hexagon","extreme",9,70,7.92972302436829,TRUE,8.85477715204734e-05,FALSE,0.205646514170313,6.17565298090895e-05,0.0020923077661037,1,1,0.000209357465245367,21,3.33066907387547e-16
"flat",5,"triangle","extreme",9,24,0.0545890331268311,TRUE,0.00906496135101289,TRUE,0.00906496135101289,0.0730872366970939,0.198314108366448,0.4,0.6,0.0232435094537159,2,2.22044604925031e-16
"flat",10,"triangle","extreme",9,36,0.220523118972778,TRUE,0.00902094475834193,TRUE,0.00902094475834193,0.0193788520352823,0.141905016098229,0.8,0.9,0.0171767592006525,4,0
"flat",20,"triangle","extreme",9,86,2.5721070766449,TRUE,0.000590035864299491,FALSE,0.0904213482088353,0.000178716253652563,0.0357561684975458,1,1,0.00338017250929151,11,5.55111512312578e-16
"flat",40,"triangle","extreme",9,66,7.99548006057739,TRUE,0.00448311587620263,FALSE,0.169035664902384,0.000908215645318688,0.263576251988122,0.925,0.95,0.000209357465245367,21,2.22044604925031e-16
"flat",5,"square","even",10,9,0.0310909748077393,TRUE,0.00703759813581514,TRUE,0.00703759813581514,0.00695175101291125,0.0112112054525041,1,1,0.157571471735925,0,1.11022302462516e-16
"flat",10,"square","even",10,13,0.0988759994506836,TRUE,0.00821815896503028,TRUE,0.00821815896503028,0.00585669758539765,0.0201515764617408,1,1,0.0732839225770913,0,0
"flat",20,"square","even",10,14,0.489012002944946,TRUE,0.00947934704538268,TRUE,0.00947934704538268,0.00959018244907287,0.0324399276267693,1,1,0.0381567945917599,0,1.11022302462516e-16
"flat",40,"square","even",10,20,2.0953209400177,TRUE,0.00989116816043361,TRUE,0.00989116816043361,0.00883672554251641,0.0416094617950131,1,1,0.0202537354685152,0,3.33066907387547e-16
"flat",5,"circle","even",10,10,0.187997102737427,TRUE,0.00822679975429283,TRUE,0.00822679975429283,0.00520938148790454,0.0195642263558723,1,1,0.158453467409159,0,4.44089209850063e-16
"flat",10,"circle","even",10,12,0.466706991195679,TRUE,0.0097018280353611,TRUE,0.0097018280353611,0.00892255297430138,0.0286873941971549,1,1,0.073694124385315,0,4.44089209850063e-16
"flat",20,"circle","even",10,16,1.52655482292175,TRUE,0.00825199063082106,TRUE,0.00825199063082106,0.00858729940611393,0.0276663441894236,1,1,0.0340295182492052,0,5.55111512312578e-16
"flat",40,"circle","even",10,43,8.20092391967773,TRUE,0.00901419263157917,TRUE,0.00901419263157917,0.00763621559538469,0.0252544671645692,1,1,0.0184653752667845,0,6.66133814775094e-16
"flat",5,"hexagon","even",10,3,0.0174591541290283,TRUE,0.0098036569034783,TRUE,0.0098036569034783,0.00905835306086632,0.0193847386812872,1,1,0.22319481249028,0,0
"flat",10,"hexagon","even",10,10,0.093825101852417,TRUE,0.00845799239672911,TRUE,0.00845799239672911,0.00934899469402845,0.0315319729126582,1,1,0.073694124385315,0,2.22044604925031e-16
"flat",20,"hexagon","even",10,21,0.755478143692017,TRUE,0.00892258200393422,TRUE,0.00892258200393422,0.00689526102596793,0.0384029866447396,1,1,0.0381567945917599,0,2.22044604925031e-16
"flat",40,"hexagon","even",10,27,2.94027590751648,TRUE,0.00926543364807627,TRUE,0.00926543364807627,0.008139962362758,0.0439226613899229,1,1,0.0180629654066711,0,2.22044604925031e-16
"flat",5,"triangle","even",10,5,0.0215158462524414,TRUE,0.00967444933835289,TRUE,0.00967444933835289,0.00705178016362376,0.018622523908166,1,1,0.22319481249028,0,2.22044604925031e-16
"flat",10,"triangle","even",10,16,0.10774302482605,TRUE,0.00797633890301971,TRUE,0.00797633890301971,0.00592331898279114,0.0360561239781039,1,1,0.0732839225770913,0,6.66133814775094e-16
"flat",20,"triangle","even",10,22,0.674395799636841,TRUE,0.00983252147435901,TRUE,0.00983252147435901,0.00667311852789342,0.092659255145582,0.95,1,0.0325037837865711,0,2.22044604925031e-16
"flat",40,"triangle","even",10,54,5.5437068939209,TRUE,0.00968894569789336,TRUE,0.00968894569789336,0.00941982406130899,0.0335637489710385,1,1,0.0179749969131753,0,2.22044604925031e-16
"flat",5,"square","typical",10,36,0.0951781272888184,TRUE,0.00111524331774376,FALSE,0.118770360324348,0.00110920383727173,0.00341016934705167,1,1,0.0530189323038102,0,0
"flat",10,"square","typical",10,26,0.189713001251221,TRUE,0.00816994041400792,TRUE,0.00816994041400792,0.00724065774771493,0.735477019539331,0.9,0.9,0.00477008292377231,0,1.11022302462516e-16
"flat",20,"square","typical",10,28,0.91411280632019,TRUE,0.0093811097211457,TRUE,0.0093811097211457,0.0124309032570549,0.303934014945627,0.9,0.95,0.00347383824543175,0,2.22044604925031e-16
"flat",40,"square","typical",10,27,2.84957003593445,TRUE,0.00989736501150148,TRUE,0.00989736501150148,0.0137053525138241,0.915950331015304,0.9,0.95,0.00186990006951006,0,2.22044604925031e-16
"flat",5,"circle","typical",10,12,0.211005926132202,TRUE,0.00585497455819181,TRUE,0.00585497455819181,0.00325210357795903,0.0536988164544826,0.8,1,0.0530189323038102,0,8.88178419700125e-16
"flat",10,"circle","typical",10,15,0.49620509147644,TRUE,0.00484645654757088,TRUE,0.00484645654757088,0.00454536004020205,0.0560730984384273,0.9,1,0.0206030029968859,0,5.55111512312578e-16
"flat",20,"circle","typical",10,28,2.36885213851929,TRUE,0.00817226851955181,TRUE,0.00817226851955181,0.00985899805766858,0.368172669782043,0.9,0.95,0.00347383824543175,0,8.88178419700125e-16
"flat",40,"circle","typical",10,45,8.30933713912964,TRUE,0.0083147827667307,TRUE,0.0083147827667307,0.00379067202824435,0.972191290268797,0.9,0.925,0.00186990006951006,0,8.88178419700125e-16
"flat",5,"hexagon","typical",10,12,0.0399971008300781,TRUE,0.00609197789624815,TRUE,0.00609197789624815,0.00754601210500615,0.0353238826386675,1,1,0.0530189323038102,0,2.22044604925031e-16
"flat",10,"hexagon","typical",10,17,0.139410018920898,TRUE,0.00686035687935593,TRUE,0.00686035687935593,0.0177218453860125,0.253863757844071,0.9,0.9,0.00477008292377231,0,2.22044604925031e-16
"flat",20,"hexagon","typical",10,26,0.911948919296265,TRUE,0.00878771028600904,TRUE,0.00878771028600904,0.0104067110095933,0.152253087481562,0.85,0.95,0.0142083539760391,0,0
"flat",40,"hexagon","typical",10,41,4.45688986778259,TRUE,0.00782545502386406,TRUE,0.00782545502386406,0.00783464402932259,0.227791493146161,0.9,0.975,0.00186990006951006,0,2.22044604925031e-16
"flat",5,"triangle","typical",10,14,0.0436930656433105,TRUE,0.00928876507931698,TRUE,0.00928876507931698,0.00978370913812563,0.0696022197585185,0.8,1,0.0530189323038102,0,2.22044604925031e-16
"flat",10,"triangle","typical",10,51,0.406121969223022,TRUE,0.00867427166095856,TRUE,0.00867427166095856,0.00680064131011399,0.883984140706126,0.9,0.9,0.00477008292377231,0,4.44089209850063e-16
"flat",20,"triangle","typical",10,34,1.11853408813477,TRUE,0.00813604117629519,TRUE,0.00813604117629519,0.00864081757470858,0.621728194876741,0.95,0.95,0.00347383824543175,0,2.22044604925031e-16
"flat",40,"triangle","typical",10,59,6.3447060585022,TRUE,0.00884695325970954,TRUE,0.00884695325970954,0.0127994357573664,0.302879018100153,0.925,0.975,0.00471848364162519,0,6.66133814775094e-16
"flat",5,"square","extreme",10,23,0.055811882019043,TRUE,0.00841239572683828,TRUE,0.00841239572683828,0.0140540569748807,0.305637045643061,0.6,0.6,0.00860817896758993,0,0
"flat",10,"square","extreme",10,25,0.18334698677063,TRUE,0.00529616212091858,TRUE,0.00529616212091858,0.010929397101234,0.253166335511306,0.6,0.8,0.00198664682888036,4,0
"flat",20,"square","extreme",10,76,2.28661298751831,TRUE,0.00833569439421259,FALSE,0.0416925162378898,0.0254687692327959,0.211109864032196,0.8,0.85,0.00366551122098499,10,2.22044604925031e-16
"flat",40,"square","extreme",10,80,8.7425000667572,TRUE,0.000252222154793602,FALSE,0.0709802891908893,0.000154424704580674,0.00554613195265557,1,1,0.00130075975524822,19,1.11022302462516e-16
"flat",5,"circle","extreme",10,17,0.259135007858276,TRUE,0.00821093631604001,TRUE,0.00821093631604001,0.0119252493459687,0.431841655648065,0.8,0.8,0.00860817896758993,0,5.55111512312578e-16
"flat",10,"circle","extreme",10,15,0.537551879882812,TRUE,0.0086839378449382,TRUE,0.0086839378449382,0.0682455912078459,0.32397651000462,0.4,0.7,0.00364749157735768,4,6.66133814775094e-16
"flat",20,"circle","extreme",10,71,5.07707118988037,TRUE,0.000873134823467716,FALSE,0.077066651525516,0.000344882073599441,0.0490034599526444,1,1,0.00225377454282446,10,8.88178419700125e-16
"flat",40,"circle","extreme",10,76,14.495701789856,TRUE,0.000330030263017618,FALSE,0.118554859075918,0.0001387900152119,0.012384631385295,1,1,0.00130075975524822,19,5.55111512312578e-16
"flat",5,"hexagon","extreme",10,18,0.0481700897216797,TRUE,0.00969655602319986,TRUE,0.00969655602319986,0.0128907451141109,0.149432868505502,0.6,0.8,0.029125473338414,0,0
"flat",10,"hexagon","extreme",10,25,0.191596031188965,TRUE,0.00884641704338654,TRUE,0.00884641704338654,0.0625781071465454,0.434934442285529,0.4,0.7,0.00364749157735768,4,3.33066907387547e-16
"flat",20,"hexagon","extreme",10,46,1.52873110771179,TRUE,0.00634155795177425,FALSE,0.0896885736596508,0.00961060912417816,0.261847572379108,0.8,0.95,0.0021185149179802,10,6.66133814775094e-16
"flat",40,"hexagon","extreme",10,71,8.95632386207581,TRUE,0.0010830289536151,FALSE,0.10636858184001,0.000420979507310461,0.0861607667996199,0.975,1,0.00104351582015329,19,0
"flat",5,"triangle","extreme",10,37,0.0868828296661377,TRUE,0.0096373815585263,TRUE,0.0096373815585263,0.0175669536930976,0.559780506121645,0.8,0.8,0.00860817896758993,0,4.44089209850063e-16
"flat",10,"triangle","extreme",10,22,0.161005020141602,TRUE,0.00955684247076923,TRUE,0.00955684247076923,0.00931584018399542,0.481218555115717,0.6,0.7,0.000106490649249012,4,2.22044604925031e-16
"flat",20,"triangle","extreme",10,76,3.21456098556519,TRUE,0.000675930896671076,FALSE,0.0612777603607348,4.62139299078028e-05,0.037108436522758,1,1,0.0021185149179802,10,4.44089209850063e-16
"flat",40,"triangle","extreme",10,95,11.7288069725037,TRUE,0.00435722718063811,FALSE,0.259396839968206,0.00371853831144112,0.242101087064974,0.875,0.95,0.000792355097187235,19,8.88178419700125e-16
"grouped",30,"circle","even",1,1,0.397119998931885,TRUE,0.003920286714613,TRUE,0.003920286714613,0.003388835542904,0.0134298639005884,1,1,0.0223387598325159,0,5.55111512312578e-16
"grouped",30,"circle","typical",1,6,0.730181932449341,TRUE,0.00645832629909141,TRUE,0.00645832629909141,0.00710278555434937,0.267051309141898,0.933333333333333,0.966666666666667,0.00284935936890051,1,5.55111512312578e-16
"grouped",30,"circle","extreme",1,9,1.06968188285828,TRUE,0.0055605525307978,TRUE,0.0055605525307978,0.0175705261524188,0.148747765786885,0.866666666666667,0.966666666666667,0.00316871713808925,15,9.99200722162641e-16
"grouped",30,"circle","even",2,1,0.455296993255615,TRUE,0.00401729391791376,TRUE,0.00401729391791376,0.00293934348412924,0.0155970893670883,1,1,0.0217826399640697,0,5.55111512312578e-16
"grouped",30,"circle","typical",2,7,0.58122706413269,TRUE,0.00482996572755741,TRUE,0.00482996572755741,0.00496942720912089,0.0725357470590234,0.966666666666667,1,0.00370159219968932,0,8.88178419700125e-16
"grouped",30,"circle","extreme",2,13,0.777765035629272,TRUE,0.0060763772008363,TRUE,0.0060763772008363,0.0231278762744581,0.14834141774745,0.766666666666667,0.933333333333333,0.00494670666340096,9,5.55111512312578e-16
"grouped",30,"circle","even",3,1,0.445024013519287,TRUE,0.00343296881157984,TRUE,0.00343296881157984,0.00262338364740725,0.0142069191926295,1,1,0.0224249400618197,0,8.88178419700125e-16
"grouped",30,"circle","typical",3,8,0.72591495513916,TRUE,0.00636079477220072,FALSE,0.0147719731408565,0.0111275925029267,0.288630950856126,0.866666666666667,0.966666666666667,0.00424785473841679,2,9.99200722162641e-16
"grouped",30,"circle","extreme",3,11,0.758868932723999,TRUE,0.00762739074879726,FALSE,0.0266834480234715,0.0238633281934147,0.237741403626611,0.766666666666667,0.966666666666667,0.000165249414353103,20,5.55111512312578e-16
"grouped",30,"circle","even",4,1,0.386631011962891,TRUE,0.00360876825412106,TRUE,0.00360876825412106,0.00384820292074884,0.0113808220032386,1,1,0.0230544805753746,0,5.55111512312578e-16
"grouped",30,"circle","typical",4,14,0.88513994216919,TRUE,0.00615710112399737,FALSE,0.0167111663090532,0.00473401868519864,0.154242298826689,0.9,0.966666666666667,0.00371195298722137,0,6.66133814775094e-16
"grouped",30,"circle","extreme",4,28,0.800200939178467,TRUE,0.00779725215213477,TRUE,0.00779725215213477,0.0138822189099638,0.301318425841595,0.666666666666667,0.966666666666667,0.000519835698304977,17,8.88178419700125e-16
"grouped",30,"circle","even",5,1,0.430641174316406,TRUE,0.0041613144865115,TRUE,0.0041613144865115,0.00304157089992989,0.0147328425829469,1,1,0.0320216640848141,0,4.44089209850063e-16
"grouped",30,"circle","typical",5,1,0.672051191329956,TRUE,0.00740676295548717,FALSE,0.0222609506934456,0.00675150315130193,0.143772945991789,0.866666666666667,0.9,0.00261273086841433,1,6.66133814775094e-16
"grouped",30,"circle","extreme",5,8,0.762881994247437,TRUE,0.00803660764399925,TRUE,0.00803660764399925,0.013290872209372,0.135368063648865,0.933333333333333,0.933333333333333,0.00030053494635479,13,9.99200722162641e-16
"grouped",30,"circle","even",6,1,0.321487903594971,TRUE,0.00432874589950753,TRUE,0.00432874589950753,0.00421032860833064,0.0157172471952974,1,1,0.0239441905339469,0,8.88178419700125e-16
"grouped",30,"circle","typical",6,1,0.777045011520386,TRUE,0.00633599797160992,FALSE,0.034354147387783,0.00573336299819031,0.349910428654171,0.9,0.933333333333333,0.00171881107258724,0,5.55111512312578e-16
"grouped",30,"circle","extreme",6,2,0.993476867675781,TRUE,0.0074517079297302,TRUE,0.0074517079297302,0.0154422807405715,0.263336955708967,0.766666666666667,0.966666666666667,4.37493840618611e-05,10,1.11022302462516e-15
"grouped",30,"circle","even",7,1,0.447305917739868,TRUE,0.00417122037607719,TRUE,0.00417122037607719,0.00366973291349709,0.0106852462165544,1,1,0.0219279828810411,0,8.88178419700125e-16
"grouped",30,"circle","typical",7,1,0.58957314491272,TRUE,0.00411548778229502,FALSE,0.032097677937653,0.00282804287528268,0.138272815505116,0.933333333333333,0.966666666666667,0.0031973171338152,0,5.55111512312578e-16
"grouped",30,"circle","extreme",7,5,0.952210903167725,TRUE,0.00573889426453055,TRUE,0.0071497206224224,0.0100723306935578,0.127709779419976,0.9,0.966666666666667,0.000682089431574253,10,5.55111512312578e-16
"grouped",30,"circle","even",8,1,0.38052487373352,TRUE,0.00428332004301779,TRUE,0.00428332004301779,0.00408690290928142,0.0137921832267463,1,1,0.02742225900483,0,8.88178419700125e-16
"grouped",30,"circle","typical",8,7,0.660644054412842,TRUE,0.00576483152765787,TRUE,0.00576483152765787,0.00616309518622222,0.170188853699645,0.9,0.933333333333333,0.0023282454119524,0,8.88178419700125e-16
"grouped",30,"circle","extreme",8,14,0.5520920753479,TRUE,0.00607516035332031,TRUE,0.00607516035332031,0.0138329889624578,0.0691720322515869,0.8,1,0.00856696068925638,12,8.88178419700125e-16
"grouped",30,"circle","even",9,1,0.455314874649048,TRUE,0.00448933412283176,TRUE,0.00448933412283176,0.00386019866143172,0.0111392417617745,1,1,0.0250190892558928,0,6.66133814775094e-16
"grouped",30,"circle","typical",9,5,0.614029884338379,TRUE,0.007801474282419,FALSE,0.013709244682224,0.00977327925536134,0.224429636252892,0.933333333333333,0.966666666666667,0.0044339950303761,0,5.55111512312578e-16
"grouped",30,"circle","extreme",9,10,0.784686088562012,TRUE,0.00800765193521662,TRUE,0.00800765193521662,0.0125974632420344,0.247235170060522,0.766666666666667,0.966666666666667,0.000902586269056386,16,1.11022302462516e-16
"grouped",30,"circle","even",10,1,0.358412981033325,TRUE,0.00393447454610979,TRUE,0.00393447454610979,0.00339435974251843,0.0111679918932865,1,1,0.0240609150791587,0,8.88178419700125e-16
"grouped",30,"circle","typical",10,5,0.635015964508057,TRUE,0.00671978314136648,TRUE,0.00671978314136648,0.00664316333959984,0.0926296212271657,0.933333333333333,1,0.00256060023055088,0,5.55111512312578e-16
"grouped",30,"circle","extreme",10,9,0.526461124420166,TRUE,0.00410133487458583,TRUE,0.00410133487458583,0.00534633170749537,0.0786735180718994,0.9,1,0.00499984441128725,14,6.66133814775094e-16
"flat",100,"circle","even",1,35,38.3742070198059,TRUE,0.00929887134800351,TRUE,0.00929887134800351,0.00707253362543748,0.0439394395347577,1,1,0.00729732983066916,0,5.55111512312578e-16
"flat",100,"circle","typical",1,168,133.808568000793,TRUE,0.000571209658903744,FALSE,0.0449792346346608,1.12725613566009e-05,0.0849623239965948,0.99,1,0.00101537678809725,14,1.11022302462516e-15
"flat",100,"circle","extreme",1,46,90.101686000824,TRUE,0.00114262461743333,FALSE,0.510326890177312,0.000338046455258708,0.0270885769921648,1,1,9.74555447442066e-05,81,1.11022302462516e-16
"flat",100,"circle","even",2,40,34.7852809429169,TRUE,0.00343143783456128,FALSE,0.0642147219530369,0.0023629551797441,0.01986463541083,1,1,0.00729756438440716,0,1.22124532708767e-15
"flat",100,"circle","typical",2,78,81.9068851470947,TRUE,0.00987280888249407,TRUE,0.00987280888249407,0.00891025392472981,0.402091142993862,0.9,0.94,0.00217349340954432,0,1.11022302462516e-15
"flat",100,"circle","extreme",2,49,67.2576110363007,TRUE,0.00131161189111928,FALSE,0.512219229506443,0.000386430434304757,0.0914826614286187,0.99,1,0.0014147148013527,73,1.4432899320127e-15
"flat",100,"circle","even",3,35,36.8467230796814,TRUE,0.0094594949749062,TRUE,0.0094594949749062,0.0088985936904214,0.0434349678309679,1,1,0.00756694040146849,0,4.44089209850063e-16
"flat",100,"circle","typical",3,78,53.9489510059357,TRUE,0.00947104241287334,TRUE,0.00947104241287334,0.0101275740726456,0.269395683627562,0.9,0.94,0.0017880787513993,4,3.33066907387547e-16
"flat",100,"circle","extreme",3,53,81.1938138008118,TRUE,0.00223418229656949,FALSE,0.472548927542911,0.000800102346730269,0.0951555071730994,0.99,1,0.000422185089337869,70,1.11022302462516e-15
