"n","rep","package","seconds","ggvmap_converged","total_error","median_rel_error"
10,1,"ggvmap",0.152,TRUE,0.0087736212397821,0.00529402064044293
10,1,"WeightedTreemaps",0.772,NA,0.0605569028499911,0.0451805741540209
10,2,"ggvmap",0.151,TRUE,0.0094369736410034,0.0106610900753921
10,2,"WeightedTreemaps",0.737,NA,0.026325947731005,0.0114283017328968
10,3,"ggvmap",0.116,TRUE,0.00937024921533797,0.00588491000281842
10,3,"WeightedTreemaps",0.74,NA,0.0899933266699184,0.0577313469937488
10,4,"ggvmap",0.0989999999999993,TRUE,0.00864514360217699,0.00919528043532506
10,4,"WeightedTreemaps",0.569,NA,0.0256812242497831,0.0241599077486414
10,5,"ggvmap",0.222,TRUE,0.00984145129391533,0.0100391713478472
10,5,"WeightedTreemaps",0.436,NA,0.0431224114285555,0.0553401581021189
25,1,"ggvmap",0.578,TRUE,0.0095496136588017,0.00551615592020484
25,1,"WeightedTreemaps",1.606,NA,0.0350517167406267,0.0355345745826513
25,2,"ggvmap",0.414999999999999,TRUE,0.00762349053895432,0.00970199224703202
25,2,"WeightedTreemaps",1.266,NA,0.0909811709643605,0.06401531524684
25,3,"ggvmap",0.809999999999999,TRUE,0.00989198335775944,0.00510832255969213
25,3,"WeightedTreemaps",1.766,NA,0.0467550097861194,0.0397522110196147
25,4,"ggvmap",0.811,TRUE,0.00961813953842893,0.00661682348384027
25,4,"WeightedTreemaps",1.767,NA,0.0492888880612915,0.0436558948463663
25,5,"ggvmap",0.66,TRUE,0.0092690101926695,0.00463104849446626
25,5,"WeightedTreemaps",1.74,NA,0.0743389905749099,0.0448125871696439
50,1,"ggvmap",2.61,TRUE,0.0092761458576144,0.0082407073280268
50,1,"WeightedTreemaps",2.32,NA,0.0737234834659845,0.0411493757460058
50,2,"ggvmap",2.448,TRUE,0.00988144484733921,0.00893064675766329
50,2,"WeightedTreemaps",2.729,NA,0.0684541925929382,0.0407311519391575
50,3,"ggvmap",1.932,TRUE,0.00225838415069132,0.00173616474425539
50,3,"WeightedTreemaps",2.413,NA,0.0704116152076688,0.0478931518859381
50,4,"ggvmap",1.781,TRUE,0.00949412176301393,0.00240735971137563
50,4,"WeightedTreemaps",1.78,NA,0.0812548576319362,0.062100315495125
50,5,"ggvmap",1.995,TRUE,0.00350383845437412,0.00100038469017728
50,5,"WeightedTreemaps",2.091,NA,0.0974399587808793,0.065387695826961
100,1,"ggvmap",7.834,TRUE,0.00360212889178594,0.00239890066878887
100,1,"WeightedTreemaps",4.11,NA,0.0920420920421955,0.0635664611529186
100,2,"ggvmap",18.758,TRUE,0.00191953771689829,0.000530369631912722
100,2,"WeightedTreemaps",7.66200000000001,NA,0.109455504719156,0.0888471400312717
100,3,"ggvmap",8.312,TRUE,0.00976278047730467,0.0064028197687237
100,3,"WeightedTreemaps",4.209,NA,0.0940700651234823,0.0461614075440448
100,4,"ggvmap",5.818,TRUE,0.00986660127123129,0.00588836511443805
100,4,"WeightedTreemaps",3.76600000000001,NA,0.116625165953893,0.0519552615706531
100,5,"ggvmap",6.59999999999999,TRUE,0.00987811351716034,0.00363493436827212
100,5,"WeightedTreemaps",4.524,NA,0.0891729743788277,0.0442036005127018
200,1,"ggvmap",70.847,TRUE,0.00529045777266613,0.00326274799197401
200,1,"WeightedTreemaps",12.294,NA,0.097469421318144,0.0627791369341158
200,2,"ggvmap",39.203,TRUE,0.00126726372271816,0.000248658168483057
200,2,"WeightedTreemaps",13.523,NA,0.0989176534030648,0.061753156024726
200,3,"ggvmap",47.561,TRUE,0.000870437254169526,0.00033390537299264
200,3,"WeightedTreemaps",17.728,NA,0.072942169057195,0.0388337059824801
200,4,"ggvmap",34.692,TRUE,0.00980837303421282,0.00596890880189836
200,4,"WeightedTreemaps",4.15300000000002,NA,0.244973900237544,0.166799586159196
200,5,"ggvmap",36.555,TRUE,0.00971194909224939,0.0119931693577539
200,5,"WeightedTreemaps",12.979,NA,0.0879768642528271,0.0509106793317566
500,1,"ggvmap",269.222,TRUE,0.00970958026382057,0.00917627576334974
500,1,"WeightedTreemaps",23.171,NA,0.142198592002865,0.0654311028817694
