"package","n","seconds","total_error","median_rel_error","n_deps","compiled"
"ggvmap",10,0.151,0.00937024921533797,0.00919528043532506,17,"no"
"ggvmap",25,0.66,0.0095496136588017,0.00551615592020484,17,"no"
"ggvmap",50,1.995,0.0092761458576144,0.00240735971137563,17,"no"
"ggvmap",100,7.834,0.00976278047730467,0.00363493436827212,17,"no"
"ggvmap",200,39.203,0.00529045777266613,0.00326274799197401,17,"no"
"ggvmap",500,269.222,0.00970958026382057,0.00917627576334974,17,"no"
"WeightedTreemaps",10,0.737,0.0431224114285555,0.0451805741540209,36,"yes (CGAL)"
"WeightedTreemaps",25,1.74,0.0492888880612915,0.0436558948463663,36,"yes (CGAL)"
"WeightedTreemaps",50,2.32,0.0737234834659845,0.0478931518859381,36,"yes (CGAL)"
"WeightedTreemaps",100,4.209,0.0940700651234823,0.0519552615706531,36,"yes (CGAL)"
"WeightedTreemaps",200,12.979,0.097469421318144,0.061753156024726,36,"yes (CGAL)"
"WeightedTreemaps",500,23.171,0.142198592002865,0.0654311028817694,36,"yes (CGAL)"
