"bezirk","total_absolute_error_pp","max_party_error_pp","coverage_difference_fraction","overlap_fraction","simplification_area_change_pct"
"Charlottenburg-Wilmersdorf",0.113220860377483,0.0380730455859138,3.96946674094401e-09,3.37879378431678e-16,-0.196740095839854
"Friedrichshain-Kreuzberg",0.172583454273058,0.0689620438627886,7.11439841411985e-09,0,0.630486182026835
"Lichtenberg",0.177794347016451,0.0888974606057111,7.37267736418928e-09,5.62589251727725e-16,-0.792683627269963
"Marzahn-Hellersdorf",0.187487135580841,0.0484659248774666,4.5354261052942e-09,1.40335425459167e-15,0.598120461428486
"Mitte",0.183667382606505,0.0918338582269508,4.17254583185029e-09,1.84444219142693e-16,0.0712270050570174
"Neukölln",0.127657293832035,0.0624857479401442,4.47634795371027e-09,6.4430439901011e-16,0.481703378349141
"Pankow",0.0891555846067718,0.043072980300396,5.39610992662046e-09,5.61687741462036e-16,0.34962880567333
"Reinickendorf",0.198291964283145,0.0991458141764046,3.63684024118694e-09,3.26732437460126e-16,-0.333174066803987
"Spandau",0.15009414338148,0.0623546030318632,5.6468679919625e-09,4.7370985604002e-16,0.245912534934312
"Steglitz-Zehlendorf",0.187692614494894,0.0807512537573524,6.8245744088579e-09,1.41847691694912e-16,-0.0311632625409453
"Tempelhof-Schöneberg",0.135010850721585,0.0472360881904277,5.82651781828321e-09,1.51352413529236e-15,-0.372841921116029
"Treptow-Köpenick",0.197070798708025,0.0813856655704985,6.27376815457423e-09,8.6859280182194e-16,-0.164660682304463
