"bezirk","party","votes","district_pct","berlin_pct","difference_pp"
"Charlottenburg-Wilmersdorf","CDU",43134,30.5594128149177,28.2312144825495,2.32819833236823
"Friedrichshain-Kreuzberg","CDU",14317,13.3673812369286,28.2312144825495,-14.8638332456209
"Lichtenberg","CDU",29591,25.3675556584283,28.2312144825495,-2.86365882412118
"Marzahn-Hellersdorf","CDU",34847,31.8028328405067,28.2312144825495,3.57161835795722
"Mitte","CDU",24133,20.2342623335681,28.2312144825495,-7.99695214898138
"Neukölln","CDU",31101,28.1011971990061,28.2312144825495,-0.130017283543374
"Pankow","CDU",40499,21.5003928563844,28.2312144825495,-6.73082162616507
"Reinickendorf","CDU",42617,40.1831090828517,28.2312144825495,11.9518946003022
"Spandau","CDU",34531,39.0812272938194,28.2312144825495,10.8500128112699
"Steglitz-Zehlendorf","CDU",53572,35.366191790227,28.2312144825495,7.13497730767752
"Tempelhof-Schöneberg","CDU",45975,31.086033428896,28.2312144825495,2.85481894634652
"Treptow-Köpenick","CDU",33911,26.0269241396248,28.2312144825495,-2.20429034292467
"Charlottenburg-Wilmersdorf","SPD",29232,20.7101765522714,18.3943804965521,2.31579605571931
"Friedrichshain-Kreuzberg","SPD",15682,14.6418434418883,18.3943804965521,-3.75253705466379
"Lichtenberg","SPD",18958,16.252175329407,18.3943804965521,-2.14220516714509
"Marzahn-Hellersdorf","SPD",17456,15.9310772825174,18.3943804965521,-2.46330321403469
"Mitte","SPD",19746,16.5559915484455,18.3943804965521,-1.83838894810659
"Neukölln","SPD",23535,21.2649649875762,18.3943804965521,2.87058449102411
"Pankow","SPD",30464,16.1729417510777,18.3943804965521,-2.22143874547439
"Reinickendorf","SPD",21488,20.2608031530215,18.3943804965521,1.86642265646941
"Spandau","SPD",19002,21.5059361454101,18.3943804965521,3.11155564885801
"Steglitz-Zehlendorf","SPD",30587,20.1923711694107,18.3943804965521,1.79799067285861
"Tempelhof-Schöneberg","SPD",29421,19.8930329420674,18.3943804965521,1.49865244551531
"Treptow-Köpenick","SPD",23446,17.9949651551899,18.3943804965521,-0.39941534136219
"Charlottenburg-Wilmersdorf","Grüne",30419,21.5511378127922,18.3908864364543,3.16025137633795
"Friedrichshain-Kreuzberg","Grüne",35905,33.5234911861368,18.3908864364543,15.1326047496825
"Lichtenberg","Grüne",13689,11.7352056168506,18.3908864364543,-6.65568081960366
"Marzahn-Hellersdorf","Grüne",6056,5.52695944219326,18.3908864364543,-12.863926994261
"Mitte","Grüne",32445,27.2034409900392,18.3908864364543,8.81255455358495
"Neukölln","Grüne",20509,18.5308335215722,18.3908864364543,0.139947085117942
"Pankow","Grüne",42410,22.5149179248689,18.3908864364543,4.12403148841464
"Reinickendorf","Grüne",12692,11.967149740234,18.3908864364543,-6.42373669622026
"Spandau","Grüne",8935,10.1123849836459,18.3908864364543,-8.27850145280836
"Steglitz-Zehlendorf","Grüne",27876,18.4026723352566,18.3908864364543,0.0117858988023443
"Tempelhof-Schöneberg","Grüne",32098,21.703088656894,18.3908864364543,3.31220222043974
"Treptow-Köpenick","Grüne",15930,12.226383814816,18.3908864364543,-6.16450262163826
"Charlottenburg-Wilmersdorf","Linke",10834,7.67563125230255,12.2040926651108,-4.52846141280827
"Friedrichshain-Kreuzberg","Linke",22558,21.0617717358829,12.2040926651108,8.85767907077208
"Lichtenberg","Linke",21655,18.5642397277302,12.2040926651108,6.36014706261938
"Marzahn-Hellersdorf","Linke",15832,14.4489468112291,12.2040926651108,2.24485414611828
"Mitte","Linke",18898,15.8449877586612,12.2040926651108,3.64089509355038
"Neukölln","Linke",14522,13.1213011068444,12.2040926651108,0.917208441733578
"Pankow","Linke",30465,16.1734726380837,12.2040926651108,3.96937997297288
"Reinickendorf","Linke",4805,4.53058261123735,12.2040926651108,-7.67351005387347
"Spandau","Linke",3989,4.51463947395226,12.2040926651108,-7.68945319115856
"Steglitz-Zehlendorf","Linke",8324,5.49518741995537,12.2040926651108,-6.70890524515545
"Tempelhof-Schöneberg","Linke",12567,8.49718721263591,12.2040926651108,-3.70690545247491
"Treptow-Köpenick","Linke",20670,15.8643661928591,12.2040926651108,3.66027352774828
"Charlottenburg-Wilmersdorf","AfD",7439,5.27035452149517,9.08923697638543,-3.81888245489026
"Friedrichshain-Kreuzberg","AfD",3935,3.67399910367493,9.08923697638543,-5.4152378727105
"Lichtenberg","AfD",16115,13.8149491208669,9.08923697638543,4.72571214448147
"Marzahn-Hellersdorf","AfD",20999,19.1645675902603,9.08923697638543,10.0753306138749
"Mitte","AfD",6720,5.63436965489486,9.08923697638543,-3.45486732149057
"Neukölln","AfD",8325,7.52202394398012,9.08923697638543,-1.56721303240531
"Pankow","AfD",17977,9.54375570703531,9.08923697638543,0.454518730649884
"Reinickendorf","AfD",10630,10.0229122075865,9.08923697638543,0.933675231201073
"Spandau","AfD",9712,10.9917720157995,9.08923697638543,1.90253503941407
"Steglitz-Zehlendorf","AfD",8665,5.72030261820198,9.08923697638543,-3.36893435818345
"Tempelhof-Schöneberg","AfD",9264,6.26386109157787,9.08923697638543,-2.82537588480756
"Treptow-Köpenick","AfD",18090,13.8841985693673,9.08923697638543,4.79496159298187
"Charlottenburg-Wilmersdorf","FDP",10324,7.31430838552441,4.64222143111428,2.67208695441013
"Friedrichshain-Kreuzberg","FDP",3558,3.32200478040036,4.64222143111428,-1.32021665071392
"Lichtenberg","FDP",3526,3.02274344400724,4.64222143111428,-1.61947798710704
"Marzahn-Hellersdorf","FDP",3253,2.96882415215566,4.64222143111428,-1.67339727895862
"Mitte","FDP",6062,5.08267095951974,4.64222143111428,0.440449528405464
"Neukölln","FDP",3437,3.10548904449966,4.64222143111428,-1.53673238661462
"Pankow","FDP",7351,3.90255038117687,4.64222143111428,-0.739671049937406
"Reinickendorf","FDP",5247,4.94733963811912,4.64222143111428,0.305118207004844
"Spandau","FDP",4045,4.57801871951289,4.64222143111428,-0.0642027116013857
"Steglitz-Zehlendorf","FDP",12043,7.95032942077397,4.64222143111428,3.30810798965969
"Tempelhof-Schöneberg","FDP",6780,4.58430248282577,4.64222143111428,-0.0579189482885054
"Treptow-Köpenick","FDP",4790,3.6763577195837,4.64222143111428,-0.965863711530576
"Charlottenburg-Wilmersdorf","Sonstige",9766,6.91897866069657,9.04796751183366,-2.12898885113709
"Friedrichshain-Kreuzberg","Sonstige",11149,10.4095085150881,9.04796751183366,1.36154100325444
"Lichtenberg","Sonstige",13115,11.2431311027098,9.04796751183366,2.19516359087614
"Marzahn-Hellersdorf","Sonstige",11129,10.1567918811375,9.04796751183366,1.10882436930384
"Mitte","Sonstige",11264,9.44427675487138,9.04796751183366,0.396309243037724
"Neukölln","Sonstige",9246,8.35419019652135,9.04796751183366,-0.693777315312307
"Pankow","Sonstige",19198,10.1919687413731,9.04796751183366,1.14400122953944
"Reinickendorf","Sonstige",8578,8.08810356694985,9.04796751183366,-0.959863944883805
"Spandau","Sonstige",8143,9.21602136785993,9.04796751183366,0.168053856026274
"Steglitz-Zehlendorf","Sonstige",10411,6.87294524617436,9.04796751183366,-2.1750222656593
"Tempelhof-Schöneberg","Sonstige",11791,7.97249418510304,9.04796751183366,-1.07547332673062
"Treptow-Köpenick","Sonstige",13455,10.3268044085592,9.04796751183366,1.27883689672554
