"bezirk","party","votes","share"
"Charlottenburg-Wilmersdorf","CDU",43134,0.305594128149177
"Friedrichshain-Kreuzberg","CDU",14317,0.133673812369286
"Lichtenberg","CDU",29591,0.253675556584283
"Marzahn-Hellersdorf","CDU",34847,0.318028328405067
"Mitte","CDU",24133,0.202342623335681
"Neukölln","CDU",31101,0.281011971990061
"Pankow","CDU",40499,0.215003928563844
"Reinickendorf","CDU",42617,0.401831090828517
"Spandau","CDU",34531,0.390812272938194
"Steglitz-Zehlendorf","CDU",53572,0.35366191790227
"Tempelhof-Schöneberg","CDU",45975,0.31086033428896
"Treptow-Köpenick","CDU",33911,0.260269241396248
"Charlottenburg-Wilmersdorf","SPD",29232,0.207101765522714
"Friedrichshain-Kreuzberg","SPD",15682,0.146418434418883
"Lichtenberg","SPD",18958,0.16252175329407
"Marzahn-Hellersdorf","SPD",17456,0.159310772825174
"Mitte","SPD",19746,0.165559915484455
"Neukölln","SPD",23535,0.212649649875762
"Pankow","SPD",30464,0.161729417510777
"Reinickendorf","SPD",21488,0.202608031530215
"Spandau","SPD",19002,0.215059361454101
"Steglitz-Zehlendorf","SPD",30587,0.201923711694107
"Tempelhof-Schöneberg","SPD",29421,0.198930329420674
"Treptow-Köpenick","SPD",23446,0.179949651551899
"Charlottenburg-Wilmersdorf","Grüne",30419,0.215511378127922
"Friedrichshain-Kreuzberg","Grüne",35905,0.335234911861368
"Lichtenberg","Grüne",13689,0.117352056168506
"Marzahn-Hellersdorf","Grüne",6056,0.0552695944219326
"Mitte","Grüne",32445,0.272034409900392
"Neukölln","Grüne",20509,0.185308335215722
"Pankow","Grüne",42410,0.225149179248689
"Reinickendorf","Grüne",12692,0.11967149740234
"Spandau","Grüne",8935,0.101123849836459
"Steglitz-Zehlendorf","Grüne",27876,0.184026723352566
"Tempelhof-Schöneberg","Grüne",32098,0.21703088656894
"Treptow-Köpenick","Grüne",15930,0.12226383814816
"Charlottenburg-Wilmersdorf","Linke",10834,0.0767563125230255
"Friedrichshain-Kreuzberg","Linke",22558,0.210617717358829
"Lichtenberg","Linke",21655,0.185642397277302
"Marzahn-Hellersdorf","Linke",15832,0.144489468112291
"Mitte","Linke",18898,0.158449877586612
"Neukölln","Linke",14522,0.131213011068444
"Pankow","Linke",30465,0.161734726380837
"Reinickendorf","Linke",4805,0.0453058261123735
"Spandau","Linke",3989,0.0451463947395226
"Steglitz-Zehlendorf","Linke",8324,0.0549518741995537
"Tempelhof-Schöneberg","Linke",12567,0.0849718721263591
"Treptow-Köpenick","Linke",20670,0.158643661928591
"Charlottenburg-Wilmersdorf","AfD",7439,0.0527035452149517
"Friedrichshain-Kreuzberg","AfD",3935,0.0367399910367493
"Lichtenberg","AfD",16115,0.138149491208669
"Marzahn-Hellersdorf","AfD",20999,0.191645675902603
"Mitte","AfD",6720,0.0563436965489486
"Neukölln","AfD",8325,0.0752202394398012
"Pankow","AfD",17977,0.0954375570703531
"Reinickendorf","AfD",10630,0.100229122075865
"Spandau","AfD",9712,0.109917720157995
"Steglitz-Zehlendorf","AfD",8665,0.0572030261820198
"Tempelhof-Schöneberg","AfD",9264,0.0626386109157787
"Treptow-Köpenick","AfD",18090,0.138841985693673
"Charlottenburg-Wilmersdorf","FDP",10324,0.0731430838552441
"Friedrichshain-Kreuzberg","FDP",3558,0.0332200478040036
"Lichtenberg","FDP",3526,0.0302274344400724
"Marzahn-Hellersdorf","FDP",3253,0.0296882415215566
"Mitte","FDP",6062,0.0508267095951974
"Neukölln","FDP",3437,0.0310548904449966
"Pankow","FDP",7351,0.0390255038117687
"Reinickendorf","FDP",5247,0.0494733963811912
"Spandau","FDP",4045,0.0457801871951289
"Steglitz-Zehlendorf","FDP",12043,0.0795032942077397
"Tempelhof-Schöneberg","FDP",6780,0.0458430248282577
"Treptow-Köpenick","FDP",4790,0.036763577195837
"Charlottenburg-Wilmersdorf","Sonstige",9766,0.0691897866069657
"Friedrichshain-Kreuzberg","Sonstige",11149,0.104095085150881
"Lichtenberg","Sonstige",13115,0.112431311027098
"Marzahn-Hellersdorf","Sonstige",11129,0.101567918811375
"Mitte","Sonstige",11264,0.0944427675487138
"Neukölln","Sonstige",9246,0.0835419019652135
"Pankow","Sonstige",19198,0.101919687413731
"Reinickendorf","Sonstige",8578,0.0808810356694985
"Spandau","Sonstige",8143,0.0921602136785993
"Steglitz-Zehlendorf","Sonstige",10411,0.0687294524617436
"Tempelhof-Schöneberg","Sonstige",11791,0.0797249418510304
"Treptow-Köpenick","Sonstige",13455,0.103268044085592
