"bezirk","converged","iterations","total_absolute_error_pp","max_party_error_pp"
"Charlottenburg-Wilmersdorf",TRUE,24,0.113220769566473,0.0380730600635606
"Friedrichshain-Kreuzberg",TRUE,102,0.172583396273202,0.0689620984098888
"Lichtenberg",TRUE,80,0.177794850931467,0.0888974449000598
"Marzahn-Hellersdorf",TRUE,16,0.187487132725106,0.0484659879661647
"Mitte",TRUE,18,0.183667676761823,0.0918338419182603
"Neukölln",TRUE,104,0.127657361467591,0.0624856642879423
"Pankow",TRUE,103,0.0891556458064765,0.0430728920734424
"Reinickendorf",TRUE,38,0.198291664477369,0.0991458294729831
"Spandau",TRUE,38,0.150093985235267,0.0623546134457538
"Steglitz-Zehlendorf",TRUE,29,0.187692852688923,0.0807512211631542
"Tempelhof-Schöneberg",TRUE,107,0.135010773842575,0.0472362038263063
"Treptow-Köpenick",TRUE,23,0.197070675745712,0.081385680006503
