"city","scenario","seed","converged","iterations","total_absolute_error_pp","max_cell_error_pp","coverage_difference_fraction","overlap_fraction"
"Berlin","uneven",1,TRUE,17,0.181627579684105,0.0688382449584572,7.76481698204272e-10,4.95205716224332e-15
"Berlin","uneven",11,TRUE,24,0.194605409620289,0.0563866600264418,7.70422048644234e-10,1.13763475348833e-14
"Berlin","uneven",42,TRUE,46,0.189244312671456,0.0946221367394282,7.67255855712989e-10,1.69976016109433e-14
"Berlin","equal",1,TRUE,19,0.162937177437386,0.051781964758818,7.72778548866182e-10,1.76667985247599e-14
"Berlin","equal",11,TRUE,36,0.178341084117767,0.066603029086798,7.72548772351382e-10,2.04774255627899e-14
"Berlin","equal",42,TRUE,12,0.199655996404058,0.057302189868233,7.71681193858736e-10,1.86036742041033e-14
"Amsterdam","uneven",1,TRUE,36,0.190559791411813,0.0761419398209,8.98885438127795e-10,2.851542127511e-15
"Amsterdam","uneven",11,TRUE,48,0.189666658766541,0.0948333033243778,8.97214369806435e-10,8.14726322145999e-16
"Amsterdam","uneven",42,TRUE,19,0.161298626390595,0.0715604227695218,8.69621172022766e-10,1.35787720357667e-16
"Amsterdam","equal",1,TRUE,23,0.112274797577361,0.0400772788200748,8.93221635684957e-10,1.08630176286133e-15
"Amsterdam","equal",11,TRUE,21,0.172071549008407,0.0676776139746066,8.78695708730958e-10,6.78938601788333e-16
"Amsterdam","equal",42,TRUE,32,0.188576993629749,0.0476293563512226,8.79128078454437e-10,1.35787720357667e-15
"London","uneven",1,TRUE,22,0.155247392901003,0.0555415306512909,6.68311667115266e-10,2.8406211275933e-15
"London","uneven",11,TRUE,23,0.122754785090252,0.0419826171793213,6.66998425863617e-10,3.73765937841224e-15
"London","uneven",42,TRUE,43,0.187953700235079,0.0939768257159919,6.6684317069593e-10,2.1977437145064e-14
"London","equal",1,TRUE,13,0.109683621754858,0.0454307775853757,6.67196258488443e-10,8.22285063250694e-15
"London","equal",11,TRUE,20,0.18057372333434,0.0894050674909996,6.67086507771827e-10,4.48519125409469e-15
"London","equal",42,TRUE,13,0.166802326922966,0.0686282706417213,6.68048862299406e-10,4.03667212868522e-15
"Thessaloniki","uneven",1,TRUE,102,0.136602702245978,0.0648402578629026,9.88360430429214e-10,7.86078078662237e-15
"Thessaloniki","uneven",11,TRUE,27,0.180114620346599,0.0583557810712676,9.77286629518725e-10,4.19837155649149e-14
"Thessaloniki","uneven",42,TRUE,102,0.121515621539692,0.0349067363324185,9.94127689995163e-10,5.91345100084546e-14
"Thessaloniki","equal",1,TRUE,25,0.189958923060388,0.0408792683299464,9.85765798106267e-10,4.66287223933736e-14
"Thessaloniki","equal",11,TRUE,35,0.133337916601184,0.0554082256545879,9.87733860804788e-10,5.89558558996678e-15
"Thessaloniki","equal",42,TRUE,17,0.191718461028484,0.045887235451117,9.57800763474638e-10,1.96519519665559e-15
